"fabricante_oleo","modelo_oleo","viscosidade"
"-","Arla 32","-"
"-","CLP","ISO VG 150"
"-","CLP","ISO VG 220"
"-","CLP","ISO VG 320"
"-","CLP","ISO VG 460"
"-","CLP","ISO VG 68"
"-","CLP","ISO VG 680"
"-","Diesel B S10","-"
"-","Diesel B S500","-"
"-","HLP","ISO VG 32"
"-","HLP","ISO VG 46"
"-","HLP","ISO VG 68"
"-","MONO ETILENO 78%","-"
"-",NULL,"-"
"-",NULL,"1005"
"-",NULL,"102 EAL"
"-",NULL,"11480 (50% de óleo 6800 + 50% de óleo 20000)"
"-",NULL,"1340"
"-",NULL,"20W"
"-",NULL,"220"
"-",NULL,"220 EP"
"-",NULL,"30"
"-",NULL,"300 C"
"-",NULL,"30W"
"-",NULL,"3100"
"-",NULL,"320"
"-",NULL,"40 (INACTIVO)"
"-",NULL,"40W"
"-",NULL,"41-141"
"-",NULL,"424"
"-",NULL,"46"
"-",NULL,"460"
"-",NULL,"4600"
"-",NULL,"500"
"-",NULL,"50/50"
"-",NULL,"50W"
"-",NULL,"550"
"-",NULL,"5W20"
"-",NULL,"5W40"
"-",NULL,"600 XP 100"
"-",NULL,"600 XP 150"
"-",NULL,"600 XP 220"
"-",NULL,"600 XP 320"
"-",NULL,"600 XP 460"
"-",NULL,"600 XP 68"
"-",NULL,"626"
"-",NULL,"627"
"-",NULL,"629"
"-",NULL,"630"
"-",NULL,"632"
"-",NULL,"636"
"-",NULL,"668"
"-",NULL,"68"
"-",NULL,"680"
"-",NULL,"681"
"-",NULL,"70W90"
"-",NULL,"75W"
"-",NULL,"75w140"
"-",NULL,"75W80"
"-",NULL,"75W95"
"-",NULL,"8000"
"-",NULL,"80W"
"-",NULL,"80w140"
"-",NULL,"80W90"
"-",NULL,"85W40"
"-",NULL,"85W90"
"-",NULL,"860-460"
"-",NULL,"9000"
"-",NULL,"Arla 32"
"-",NULL,"AT101"
"-",NULL,"AT102"
"-",NULL,"ATF"
"-",NULL,"ATF 102"
"-",NULL,"ATF 200"
"-",NULL,"ATF DM"
"-",NULL,"ATF MD3"
"-",NULL,"AW32"
"-",NULL,"AW 68 HLP"
"-",NULL,"Biodiesel B100"
"-",NULL,"BSE 170"
"-",NULL,"Collant"
"-",NULL,"Coolant"
"-",NULL,"COOL-GARD"
"-",NULL,"DTE 26"
"-",NULL,"DTE 46"
"-",NULL,"EP 2"
"-",NULL,"EX 46"
"-",NULL,"Fluid DOT4"
"-",NULL,"Glicol"
"-",NULL,"GRAU 100"
"-",NULL,"GRAU 1000"
"-",NULL,"GRAU 400"
"-",NULL,"HD 30"
"-",NULL,"HD 50"
"-",NULL,"HD 85W140"
"-",NULL,"HIDROBAK HV 68"
"-",NULL,"HM68"
"-",NULL,"HO-46"
"-",NULL,"HO-56"
"-",NULL,"Hydrau"
"-",NULL,"HYGARD"
"-",NULL,"HY-TRAN"
"-",NULL,"ISO 100"
"-",NULL,"ISO 120"
"-",NULL,"ISO 220"
"-",NULL,"ISO 32"
"-",NULL,"ISO 320"
"-",NULL,"ISO 3200"
"-",NULL,"ISO 360"
"-",NULL,"ISO 46"
"-",NULL,"ISO 460"
"-",NULL,"ISO 55"
"-",NULL,"ISO 68"
"-",NULL,"ISO VG 10"
"-",NULL,"ISO VG 100"
"-",NULL,"ISO VG 1000"
"-",NULL,"ISO VG 15"
"-",NULL,"ISO VG 150"
"-",NULL,"ISO VG 22"
"-",NULL,"ISO VG 220"
"-",NULL,"ISO VG 25"
"-",NULL,"ISO VG 32"
"-",NULL,"ISO VG 320"
"-",NULL,"ISO VG 45"
"-",NULL,"ISO VG 46"
"-",NULL,"ISO VG 460"
"-",NULL,"ISO VG 55"
"-",NULL,"ISO VG 68"
"-",NULL,"ISO VG 680"
"-",NULL,"ISO VG 68 (duplicado)"
"-",NULL,"Klüber Summit R 200"
"-",NULL,"M 420"
"-",NULL,"mobil"
"-",NULL,"Mysella S5 N40"
"-",NULL,"N 32"
"-",NULL,"NA"
"-",NULL,"NÃO INFORMADO"
"-",NULL,"NGLI 2"
"-",NULL,"NLGI 00"
"-",NULL,"NLGI 1"
"-",NULL,"NLGI 2"
"-",NULL,"No Informado"
"-",NULL,"Óleo Diesel"
"-",NULL,"OMALA 150"
"-",NULL,"OMALA 220"
"-",NULL,"OMALA 320"
"-",NULL,"Plus 50"
"-",NULL,"PLUS 50 II"
"-",NULL,"Plus 85w140"
"-",NULL,"QUINTOLUBRIC"
"-",NULL,"ROTO Z"
"-",NULL,"S10"
"-",NULL,"S500"
"-",NULL,"SAE 0W16"
"-",NULL,"SAE 0W20"
"-",NULL,"SAE 0W30"
"-",NULL,"SAE 0W40"
"-",NULL,"SAE 10W"
"-",NULL,"SAE 10W30"
"-",NULL,"SAE 10W40"
"-",NULL,"SAE 10W50"
"-",NULL,"SAE 10W60"
"-",NULL,"SAE 140"
"-",NULL,"SAE 140."
"-",NULL,"SAE 15W30"
"-",NULL,"SAE 15W40"
"-",NULL,"SAE 15W50"
"-",NULL,"SAE 15W60"
"-",NULL,"SAE 20"
"-",NULL,"SAE 20W30"
"-",NULL,"SAE 20W40"
"-",NULL,"SAE 20W50"
"-",NULL,"SAE 25W50"
"-",NULL,"SAE 30"
"-",NULL,"SAE 30W"
"-",NULL,"SAE 40"
"-",NULL,"SAE 46"
"-",NULL,"SAE 50"
"-",NULL,"SAE 5W30"
"-",NULL,"SAE 5W40"
"-",NULL,"SAE 60"
"-",NULL,"SAE 75W140"
"-",NULL,"SAE 75W80"
"-",NULL,"SAE 75W85"
"-",NULL,"SAE 75W90"
"-",NULL,"SAE 80"
"-",NULL,"SAE 80W140"
"-",NULL,"SAE 80W90"
"-",NULL,"SAE 85W140"
"-",NULL,"SAE 90"
"-",NULL,"TDH SPECIAL"
"-",NULL,"TELLUS 46"
"-",NULL,"TELLUS 68"
"-",NULL,"TEXAMATIC B"
"-",NULL,"TO-10"
"-",NULL,"TO-30"
"-",NULL,"TO-46"
"-",NULL,"TORQ GARD"
"-",NULL,"UTTO FLUID"
"-",NULL,"VCS 2 NARANJA"
"-",NULL,"VCS AMARILLO"
"-",NULL,"WB101"
"-",NULL,"WB102"
"-",NULL,"XHP 462"
"-",NULL,"ZH46"
"77 LUBRICANTS",NULL,"1005"
"77 LUBRICANTS",NULL,"20W"
"77 LUBRICANTS",NULL,"20W20"
"77 LUBRICANTS",NULL,"Glicol"
"77 LUBRICANTS",NULL,"NÃO INFORMADO"
"77 LUBRICANTS",NULL,"S10"
"77 LUBRICANTS",NULL,"SAE 10W30"
"77 LUBRICANTS",NULL,"SAE 15W40"
"77 LUBRICANTS",NULL,"SAE 20W30"
"77 LUBRICANTS",NULL,"SAE 5W30"
"77 LUBRICANTS",NULL,"SAE 80W90"
"77 LUBRICANTS",NULL,"SAE 90"
"ACDelco",NULL,"-"
"ACDelco",NULL,"1005"
"ACDelco",NULL,"102 EAL"
"ACDelco",NULL,"5W20"
"ACDelco",NULL,"Coolant"
"ACDelco",NULL,"COOL-GARD"
"ACDelco",NULL,"Glicol"
"ACDelco",NULL,"NÃO INFORMADO"
"ACDelco",NULL,"S10"
"ACDelco",NULL,"SAE 0W16"
"ACDelco",NULL,"SAE 0W20"
"ACDelco",NULL,"SAE 10W30"
"ACDelco",NULL,"SAE 10W40"
"ACDelco",NULL,"SAE 15W30"
"ACDelco",NULL,"SAE 15W40"
"ACDelco",NULL,"SAE 40"
"ACDelco",NULL,"SAE 5W30"
"ACDelco",NULL,"SAE 85W140"
"ADDINOL",NULL,"10 EXCEL 15"
"ADDINOL",NULL,"SAE 15W40"
"AEGIS",NULL,"ISO VG 150"
"AGCO",NULL,"80W"
"AGCO",NULL,"80W90"
"AGCO",NULL,"85W90"
"AGCO",NULL,"Coolant"
"AGCO",NULL,"ISO 320"
"AGCO",NULL,"ISO VG 320"
"AGCO",NULL,"SAE 10W30"
"AGCO",NULL,"SAE 10W40"
"AGCO",NULL,"SAE 15W40"
"AGCO",NULL,"SAE 90"
"AGIP",NULL,"460"
"AGIP",NULL,"90"
"AGIP",NULL,"SAE 15W40"
"AGIP",NULL,"SAE 85W140"
"AGM",NULL,"1 ATF"
"AGM",NULL,"2000"
"AGM",NULL,"80W90"
"AGM",NULL,"SAE 0W16"
"AGM",NULL,"SAE 10W30"
"AGM",NULL,"SAE 15W40"
"AGM",NULL,"SAE 20W40"
"AGM",NULL,"SAE 80W140"
"AGM",NULL,"SAE 85W140"
"AGROL",NULL,"ISO VG 46"
"AGROL",NULL,"SAE 15W40"
"AKCELA",NULL,"-"
"AKCELA",NULL,"68"
"AKCELA",NULL,"80W110"
"AKCELA",NULL,"80w140"
"AKCELA",NULL,"80W90"
"AKCELA",NULL,"85W40"
"AKCELA",NULL,"85W90"
"AKCELA",NULL,"ACTIFULL OT"
"AKCELA",NULL,"ATF"
"AKCELA",NULL,"ATF MD3"
"AKCELA",NULL,"AW 68 HLP"
"AKCELA",NULL,"BP 46"
"AKCELA",NULL,"Collant"
"AKCELA",NULL,"Coolant"
"AKCELA",NULL,"HD 85W140"
"AKCELA",NULL,"HY-TRAN"
"AKCELA",NULL,"ISO 46"
"AKCELA",NULL,"ISO 68"
"AKCELA",NULL,"ISO VG 46"
"AKCELA",NULL,"ISO VG 68"
"AKCELA",NULL,"ISO VG 68 (duplicado)"
"AKCELA",NULL,"NÃO INFORMADO"
"AKCELA",NULL,"S10"
"AKCELA",NULL,"S500"
"AKCELA",NULL,"SAE 10W30"
"AKCELA",NULL,"SAE 10W40"
"AKCELA",NULL,"SAE 15W30"
"AKCELA",NULL,"SAE 15W40"
"AKCELA",NULL,"SAE 15W50"
"AKCELA",NULL,"SAE 20W30"
"AKCELA",NULL,"SAE 20W40"
"AKCELA",NULL,"SAE 46"
"AKCELA",NULL,"SAE 50"
"AKCELA",NULL,"SAE 5W30"
"AKCELA",NULL,"SAE 5W40"
"AKCELA",NULL,"SAE 68"
"AKCELA",NULL,"SAE 80W140"
"AKCELA",NULL,"SAE 80W90"
"AKCELA",NULL,"SAE 85W140"
"AKCELA",NULL,"SAE 90"
"AKO",NULL,"SAE 15W40"
"AKO",NULL,"SAE 85W140"
"ALL",NULL,"50/50"
"ALL",NULL,"68"
"ALL",NULL,"AW 68 HLP"
"ALL",NULL,"ISO VG 1000"
"ALL",NULL,"ISO VG 32"
"ALL",NULL,"ISO VG 46"
"ALL",NULL,"ISO VG 68"
"ALL",NULL,"NA"
"ALL",NULL,"NÃO INFORMADO"
"ALL",NULL,"S10"
"ALL",NULL,"S500"
"ALL",NULL,"SAE 0W16"
"ALL",NULL,"SAE 15W40"
"AMALIE",NULL,"Glicol"
"AMALIE",NULL,"SAE 10W40"
"AMALIE",NULL,"SAE 15W40"
"AMBRA",NULL,"-"
"AMBRA",NULL,"10 EXCEL 68"
"AMBRA",NULL,"668"
"AMBRA",NULL,"68"
"AMBRA",NULL,"80w140"
"AMBRA",NULL,"80W90"
"AMBRA",NULL,"85W40"
"AMBRA",NULL,"85W90"
"AMBRA",NULL,"ACTIFULL OT"
"AMBRA",NULL,"COOL-GARD"
"AMBRA",NULL,"Fluide DA"
"AMBRA",NULL,"HD 85W140"
"AMBRA",NULL,"HIDROBAK HV 68"
"AMBRA",NULL,"HM68"
"AMBRA",NULL,"ISO 68"
"AMBRA",NULL,"ISO VG 46"
"AMBRA",NULL,"ISO VG 68"
"AMBRA",NULL,"ISO VG 68 (duplicado)"
"AMBRA",NULL,"NÃO INFORMADO"
"AMBRA",NULL,"No Informado"
"AMBRA",NULL,"Óleo Diesel"
"AMBRA",NULL,"S10"
"AMBRA",NULL,"SAE 0W30"
"AMBRA",NULL,"SAE 10W30"
"AMBRA",NULL,"SAE 10W40"
"AMBRA",NULL,"SAE 140"
"AMBRA",NULL,"SAE 15W30"
"AMBRA",NULL,"SAE 15W40"
"AMBRA",NULL,"SAE 20W40"
"AMBRA",NULL,"SAE 80W140"
"AMBRA",NULL,"SAE 80W90"
"AMBRA",NULL,"SAE 85W140"
"AMBRA",NULL,"SAE 90"
"AMBRA",NULL,"UTTO FLUID"
"AMSOIL",NULL,"-"
"AMSOIL",NULL,"220"
"AMSOIL",NULL,"320"
"AMSOIL",NULL,"600 XP 320"
"AMSOIL",NULL,"681"
"AMSOIL",NULL,"ISO 320"
"AMSOIL",NULL,"ISO 3200"
"AMSOIL",NULL,"ISO VG 320"
"ANDEROL",NULL,"-"
"ANDEROL",NULL,"GRAU 100"
"ANDEROL",NULL,"ISO VG 46"
"ANDEROL",NULL,"ISO VG 68"
"ATLAS COPCO","ROTO INJECT","ISO 55"
"ATLAS COPCO","ROTO XTEND DUTY FLUID","ISO VG 46"
"ATLAS COPCO","ROTO-XTEND DUTY FLUID","ISO 46"
"ATLAS COPCO","ROTO-XTEND DUTY FLUID","ISO VG 46"
"ATLAS COPCO",NULL,"-"
"ATLAS COPCO",NULL,"18000"
"ATLAS COPCO",NULL,"20W"
"ATLAS COPCO",NULL,"46"
"ATLAS COPCO",NULL,"4600"
"ATLAS COPCO",NULL,"50/50"
"ATLAS COPCO",NULL,"540 X"
"ATLAS COPCO",NULL,"55"
"ATLAS COPCO",NULL,"68"
"ATLAS COPCO",NULL,"80W"
"ATLAS COPCO",NULL,"ISO 100"
"ATLAS COPCO",NULL,"ISO 46"
"ATLAS COPCO",NULL,"ISO 68"
"ATLAS COPCO",NULL,"ISO VG 100"
"ATLAS COPCO",NULL,"ISO VG 220"
"ATLAS COPCO",NULL,"ISO VG 32"
"ATLAS COPCO",NULL,"ISO VG 45"
"ATLAS COPCO",NULL,"ISO VG 46"
"ATLAS COPCO",NULL,"ISO VG 460"
"ATLAS COPCO",NULL,"ISO VG 55"
"ATLAS COPCO",NULL,"ISO VG 68"
"ATLAS COPCO",NULL,"ISO VG 68 (duplicado)"
"ATLAS COPCO",NULL,"NÃO INFORMADO"
"ATLAS COPCO",NULL,"ROTO Z"
"ATLAS COPCO",NULL,"S10"
"ATLAS COPCO",NULL,"SAE 15W40"
"ATLAS COPCO",NULL,"SAE 30"
"ATLAS COPCO",NULL,"SAE 46"
"AVIA BANTLEON",NULL,"ISO VG 32"
"AVIA BANTLEON",NULL,"ISO VG 46"
"BARDAHL",NULL,"-"
"BARDAHL",NULL,"68"
"BARDAHL",NULL,"80W90"
"BARDAHL",NULL,"Coolant"
"BARDAHL",NULL,"COOL-GARD"
"BARDAHL",NULL,"ISO 68"
"BARDAHL",NULL,"ISO VG 100"
"BARDAHL",NULL,"ISO VG 150"
"BARDAHL",NULL,"ISO VG 32"
"BARDAHL",NULL,"ISO VG 46"
"BARDAHL",NULL,"ISO VG 68"
"BARDAHL",NULL,"Plus 85w140"
"BARDAHL",NULL,"SAE 10W30"
"BARDAHL",NULL,"SAE 15W40"
"BARDAHL",NULL,"SAE 85W140"
"BASF",NULL,"-"
"BASF",NULL,"40 (INACTIVO)"
"BASF",NULL,"Collant"
"BASF",NULL,"Coolant"
"BASF",NULL,"Glicol"
"BASF",NULL,"ISO VG 10"
"BASF",NULL,"NÃO INFORMADO"
"Be8","BeVant","-"
"BECHEM",NULL,"NÃO INFORMADO"
"BECHSUD",NULL,"ISO VG 68"
"BECHSUD",NULL,"NÃO INFORMADO"
"BESLUX",NULL,"80W85"
"BESLUX",NULL,"85W40"
"BESLUX",NULL,"HD 85W140"
"BESLUX",NULL,"HYGARD"
"BESLUX",NULL,"ISO VG 220"
"BESLUX",NULL,"ISO VG 46"
"BESLUX",NULL,"ISO VG 460"
"BESLUX",NULL,"SAE 15W30"
"BESLUX",NULL,"SAE 20W30"
"BESLUX",NULL,"SAE 85W140"
"Bitzer","BSE 170","BSE 170"
"Bitzer",NULL,"-"
"Bitzer",NULL,"BSE 170"
"Bitzer",NULL,"ISO VG 32"
"Blaser",NULL,"SAE 0W50"
"Blaser",NULL,"SAE 15W40"
"Blaser",NULL,"SAE 30"
"Blaser",NULL,"SAE 50"
"BOBCAT",NULL,"ISO 68"
"BOBCAT",NULL,"ISO VG 46"
"BOBCAT",NULL,"ISO VG 68"
"BOBCAT",NULL,"SAE 10W30"
"BOBCAT",NULL,"SAE 15W40"
"BP",NULL,"S10"
"BRUGAROLAS",NULL,"150"
"BRUGAROLAS",NULL,"220"
"BRUGAROLAS",NULL,"320"
"BRUGAROLAS",NULL,"68"
"BRUGAROLAS",NULL,"680"
"BRUGAROLAS",NULL,"ISO 100"
"BRUGAROLAS",NULL,"ISO 220"
"BRUGAROLAS",NULL,"ISO 32"
"BRUGAROLAS",NULL,"ISO 46"
"BRUGAROLAS",NULL,"ISO 460"
"BRUGAROLAS",NULL,"ISO VG 100"
"BRUGAROLAS",NULL,"ISO VG 150"
"BRUGAROLAS",NULL,"ISO VG 220"
"BRUGAROLAS",NULL,"ISO VG 32"
"BRUGAROLAS",NULL,"ISO VG 320"
"BRUGAROLAS",NULL,"ISO VG 46"
"BRUGAROLAS",NULL,"ISO VG 460"
"BRUGAROLAS",NULL,"ISO VG 68"
"BRUGAROLAS",NULL,"ISO VG 680"
"BUSCH",NULL,"-"
"BUSCH",NULL,"AT101"
"BUSCH",NULL,"ISO VG 100"
"BUSCH",NULL,"ISO VG 150"
"CADIUM",NULL,"220"
"CADIUM",NULL,"320"
"CADIUM",NULL,"68"
"CADIUM",NULL,"ISO 220"
"CADIUM",NULL,"ISO VG 150"
"CADIUM",NULL,"ISO VG 220"
"CADIUM",NULL,"ISO VG 320"
"CADIUM",NULL,"ISO VG 46"
"CADIUM",NULL,"ISO VG 460"
"CADIUM",NULL,"ISO VG 68"
"CADIUM",NULL,"ISO VG 680"
"CALTEX",NULL,"TELLUS 68"
"Carrier",NULL,"ISO 220"
"Carrier",NULL,"ISO VG 220"
"Carrier",NULL,"ISO VG 68"
"CASTROL",NULL,"-"
"CASTROL",NULL,"220"
"CASTROL",NULL,"220 EP"
"CASTROL",NULL,"320"
"CASTROL",NULL,"500"
"CASTROL",NULL,"50/50"
"CASTROL",NULL,"528"
"CASTROL",NULL,"600 XP 100"
"CASTROL",NULL,"600 XP 320"
"CASTROL",NULL,"668"
"CASTROL",NULL,"68"
"CASTROL",NULL,"80W90"
"CASTROL",NULL,"A295"
"CASTROL",NULL,"ATF"
"CASTROL",NULL,"AW32"
"CASTROL",NULL,"Coolant"
"CASTROL",NULL,"HD 50"
"CASTROL",NULL,"ISO 100"
"CASTROL",NULL,"ISO 220"
"CASTROL",NULL,"ISO 2200"
"CASTROL",NULL,"ISO 320"
"CASTROL",NULL,"ISO 46"
"CASTROL",NULL,"ISO 460"
"CASTROL",NULL,"ISO VG 15"
"CASTROL",NULL,"ISO VG 150"
"CASTROL",NULL,"ISO VG 22"
"CASTROL",NULL,"ISO VG 220"
"CASTROL",NULL,"ISO VG 32"
"CASTROL",NULL,"ISO VG 320"
"CASTROL",NULL,"ISO VG 46"
"CASTROL",NULL,"ISO VG 460"
"CASTROL",NULL,"ISO VG 68"
"CASTROL",NULL,"NA"
"CASTROL",NULL,"SAE 10W40"
"CASTROL",NULL,"SAE 15W40"
"CASTROL",NULL,"SAE 30"
"CASTROL",NULL,"SAE 40"
"CASTROL",NULL,"SAE 5W30"
"CASTROL",NULL,"SAE 80W90"
"CASTROL",NULL,"TRANSYND"
"CAT","DEO-ULS","SAE 15W40"
"CAT",NULL,"-"
"CAT",NULL,"10w50"
"CAT",NULL,"220"
"CAT",NULL,"30W"
"CAT",NULL,"50/50"
"CAT",NULL,"50W"
"CAT",NULL,"68"
"CAT",NULL,"80W"
"CAT",NULL,"80W90"
"CAT",NULL,"Collant"
"CAT",NULL,"Coolant"
"CAT",NULL,"HD 10"
"CAT",NULL,"HD 50"
"CAT",NULL,"ISO 100"
"CAT",NULL,"ISO 220"
"CAT",NULL,"ISO 320"
"CAT",NULL,"ISO VG 220"
"CAT",NULL,"ISO VG 46"
"CAT",NULL,"NA"
"CAT",NULL,"NÃO INFORMADO"
"CAT",NULL,"No Informado"
"CAT",NULL,"S10"
"CAT",NULL,"SAE 0W30"
"CAT",NULL,"SAE 0W50"
"CAT",NULL,"SAE 10W"
"CAT",NULL,"SAE 10W30"
"CAT",NULL,"SAE 10W40"
"CAT",NULL,"SAE 15W40"
"CAT",NULL,"SAE 30"
"CAT",NULL,"SAE 50"
"CAT",NULL,"SAE 60"
"CAT",NULL,"SAE 75W140"
"CAT",NULL,"SAE 85W140"
"CAT",NULL,"SAE 90"
"CATERPILLAR",NULL,"-"
"CATERPILLAR",NULL,"10W (inactive)"
"CATERPILLAR",NULL,"220"
"CATERPILLAR",NULL,"30"
"CATERPILLAR",NULL,"30W"
"CATERPILLAR",NULL,"500"
"CATERPILLAR",NULL,"50/50"
"CATERPILLAR",NULL,"50W"
"CATERPILLAR",NULL,"68"
"CATERPILLAR",NULL,"80W90"
"CATERPILLAR",NULL,"ATF"
"CATERPILLAR",NULL,"Collant"
"CATERPILLAR",NULL,"Coolant"
"CATERPILLAR",NULL,"COOL-GARD"
"CATERPILLAR",NULL,"Fluide XLD FE"
"CATERPILLAR",NULL,"Glicol"
"CATERPILLAR",NULL,"HD 10"
"CATERPILLAR",NULL,"HD 85W140"
"CATERPILLAR",NULL,"Hydrau"
"CATERPILLAR",NULL,"HYGARD"
"CATERPILLAR",NULL,"ISO 220"
"CATERPILLAR",NULL,"ISO VG 220"
"CATERPILLAR",NULL,"ISO VG 46"
"CATERPILLAR",NULL,"ISO VG 68"
"CATERPILLAR",NULL,"NA"
"CATERPILLAR",NULL,"NÃO INFORMADO"
"CATERPILLAR",NULL,"Óleo Diesel"
"CATERPILLAR",NULL,"S10"
"CATERPILLAR",NULL,"S500"
"CATERPILLAR",NULL,"SAE 0W30"
"CATERPILLAR",NULL,"SAE 0W50"
"CATERPILLAR",NULL,"SAE 10W"
"CATERPILLAR",NULL,"SAE 10W30"
"CATERPILLAR",NULL,"SAE 10W40"
"CATERPILLAR",NULL,"SAE 15W40"
"CATERPILLAR",NULL,"SAE 30"
"CATERPILLAR",NULL,"SAE 46"
"CATERPILLAR",NULL,"SAE 50"
"CATERPILLAR",NULL,"SAE 60"
"CATERPILLAR",NULL,"SAE 75W140"
"CATERPILLAR",NULL,"SAE 85W140"
"CATERPILLAR",NULL,"SAE 90"
"CAT MTO",NULL,"Coolant"
"CAT MTO",NULL,"SAE 15W40"
"CAT MTO",NULL,"SAE 85W140"
"CEPSA",NULL,"SAE 10W40"
"CERTOP",NULL,"80W90"
"CERTOP",NULL,"ISO VG 220"
"CERTOP",NULL,"ISO VG 320"
"CERTOP",NULL,"ISO VG 680"
"CERTOP",NULL,"SAE 140"
"CERTOP",NULL,"SAE 85W140"
"CESTARI",NULL,"80W90"
"CESTARI",NULL,"ISO VG 220"
"CESTARI",NULL,"ISO VG 320"
"CESTARI",NULL,"SAE 10W40"
"CHAINMASTER",NULL,"-"
"CHAINMASTER",NULL,"ISO 220"
"CHAINMASTER",NULL,"ISO VG 68"
"CHAINMASTER",NULL,"SAE 15W40"
"CHAINMASTER",NULL,"SAE 50"
"CHARVAT",NULL,"S500"
"CHEMLUB",NULL,"-"
"CHEMLUB",NULL,"220"
"CHEMLUB",NULL,"320"
"CHEMLUB",NULL,"4600"
"CHEMLUB",NULL,"68"
"CHEMLUB",NULL,"ISO 320"
"CHEMLUB",NULL,"ISO 3200"
"CHEMLUB",NULL,"ISO 460"
"CHEMLUB",NULL,"ISO VG 100"
"CHEMLUB",NULL,"ISO VG 220"
"CHEMLUB",NULL,"ISO VG 320"
"CHEMLUB",NULL,"ISO VG 46"
"CHEMLUB",NULL,"ISO VG 460"
"CHEMLUB",NULL,"ISO VG 68"
"CHEMLUB",NULL,"ISO VG 680"
"CHEMLUB",NULL,"SAE 85W140"
"CHEM TREND","HF-28","-"
"CHEVRON",NULL,"-"
"CHEVRON",NULL,"20W"
"CHEVRON",NULL,"50/50"
"CHEVRON",NULL,"80W"
"CHEVRON",NULL,"80W90"
"CHEVRON",NULL,"A295"
"CHEVRON",NULL,"ATF"
"CHEVRON",NULL,"AW 68 HLP"
"CHEVRON",NULL,"ISO VG 100"
"CHEVRON",NULL,"NÃO INFORMADO"
"CHEVRON",NULL,"S10"
"CHEVRON",NULL,"SAE 10W30"
"CHEVRON",NULL,"SAE 1350"
"CHEVRON",NULL,"SAE 15W40"
"CHEVRON",NULL,"SAE 50"
"CHEVRON",NULL,"SAE 80W90"
"CHEVRON",NULL,"TEXAMATIC B"
"Chicago Pneumatic","Fluido Refrigerante CP-46","ISO VG 46"
"Chicago Pneumatic",NULL,"ISO VG 46"
"Comma",NULL,"68"
"Comma",NULL,"AW 68 HLP"
"Comma",NULL,"ISO VG 68"
"Comma",NULL,"SAE 10W40"
"CONSENSO",NULL,"SAE 46"
"Cosan",NULL,"-"
"Cosan",NULL,"220"
"Cosan",NULL,"600 XP 320"
"Cosan",NULL,"ISO VG 320"
"Cosan",NULL,"SAE 15W40"
"Cosan",NULL,"SAE 5W30"
"CPI",NULL,"68"
"CPI",NULL,"ISO 100"
"CPI",NULL,"ISO 68"
"CPI",NULL,"ISO VG 150"
"CPI",NULL,"ISO VG 68"
"CPI",NULL,"NÃO INFORMADO"
"DNK FRESH",NULL,"-"
"DNK FRESH",NULL,"ATF"
"DNK FRESH",NULL,"Fluid DOT4"
"DNK FRESH",NULL,"ISO VG 32"
"DNK FRESH",NULL,"SAE 10W30"
"DNK FRESH",NULL,"SAE 15W40"
"DNK FRESH",NULL,"SAE 75W140"
"DOOSAN",NULL,"SAE 15W40"
"DOOSAN",NULL,"SAE 85W140"
"Dulub","Dulub Supreme SAE 20W50","SAE 20W50"
"Dulub",NULL,"68"
"Dulub",NULL,"80W90"
"Dulub",NULL,"ATF"
"Dulub",NULL,"AW 68 HLP"
"Dulub",NULL,"ISO VG 68"
"Dulub",NULL,"NÃO INFORMADO"
"Dulub",NULL,"SAE 0W16"
"Dulub",NULL,"SAE 10W30"
"Dulub",NULL,"SAE 10W40"
"Dulub",NULL,"SAE 15W40"
"Dulub",NULL,"SAE 20W30"
"Dulub",NULL,"SAE 85W140"
"EASTMAN",NULL,"-"
"EASTMAN",NULL,"ISO 32"
"EATON",NULL,"-"
"EATON",NULL,"40W"
"EATON",NULL,"75W80"
"EATON",NULL,"80W90"
"EATON",NULL,"ATF MD3"
"EATON",NULL,"SAE 0W40"
"EATON",NULL,"SAE 40"
"EATON",NULL,"SAE 75W90"
"EATON",NULL,"SAE 80W90"
"EATON",NULL,"SAE 85W140"
"EATON",NULL,"SAE 90"
"ECOOL",NULL,"NÃO INFORMADO"
"EKOMAX",NULL,"-"
"EKOMAX",NULL,"S10"
"EKOMAX",NULL,"SAE 10W"
"ELC",NULL,"-"
"ELC",NULL,"50/50"
"ELC",NULL,"60/40"
"ELC",NULL,"ATF"
"ELC",NULL,"Collant"
"ELC",NULL,"Coolant"
"ELC",NULL,"NÃO INFORMADO"
"ELC",NULL,"SAE 15W40"
"ELF",NULL,"ISO VG 68"
"EMKARATE",NULL,"-"
"EMKARATE",NULL,"220"
"EMKARATE",NULL,"60/40"
"EMKARATE",NULL,"68"
"EMKARATE",NULL,"ISO VG 220"
"EMKARATE",NULL,"ISO VG 32"
"EMKARATE",NULL,"ISO VG 68"
"EMKARATE",NULL,"SAE 0W40"
"ENERGY PANTHER",NULL,"SAE 10W30"
"ENERGY PANTHER",NULL,"SAE 10W40"
"ENERGY PANTHER",NULL,"SAE 15W40"
"ENERGY PANTHER",NULL,"Special 2T"
"ESSO",NULL,"ISO VG 46"
"EURO-DIESEL",NULL,"1005"
"EURO-DIESEL",NULL,"Biodiesel B100"
"EURO-DIESEL",NULL,"NÃO INFORMADO"
"EURO-DIESEL",NULL,"Óleo Diesel"
"EURO-DIESEL",NULL,"S10"
"EURO-DIESEL",NULL,"S500"
"EVORA",NULL,"68"
"EVORA",NULL,"80W90"
"EVORA",NULL,"85W90"
"EVORA",NULL,"ISO VG 150"
"EVORA",NULL,"ISO VG 68"
"EVORA",NULL,"SAE 10W30"
"EVORA",NULL,"SAE 10W40"
"EVORA",NULL,"SAE 15W40"
"EVORA",NULL,"SAE 75W90"
"EVORA",NULL,"SAE 85W140"
"EXTRALIFE",NULL,"-"
"EXTRALIFE",NULL,"80W90"
"EXTRALIFE",NULL,"SAE 10W40"
"EXTRALIFE",NULL,"SAE 15W40"
"EXXONMOBIL",NULL,"-"
"EXXONMOBIL",NULL,"220"
"EXXONMOBIL",NULL,"50/50"
"EXXONMOBIL",NULL,"68"
"EXXONMOBIL",NULL,"AT101"
"EXXONMOBIL",NULL,"ISO 320"
"EXXONMOBIL",NULL,"ISO 460"
"EXXONMOBIL",NULL,"ISO 55"
"EXXONMOBIL",NULL,"ISO VG 100"
"EXXONMOBIL",NULL,"ISO VG 1000"
"EXXONMOBIL",NULL,"ISO VG 220"
"EXXONMOBIL",NULL,"ISO VG 320"
"EXXONMOBIL",NULL,"S10"
"EXXONMOBIL",NULL,"SAE 10W30"
"EXXONMOBIL",NULL,"SAE 10W40"
"EXXONMOBIL",NULL,"SAE 140"
"EXXONMOBIL",NULL,"SAE 15W40"
"EXXONMOBIL",NULL,"SAE 20W30"
"EXXONMOBIL",NULL,"Syntheticn 75W90"
"Falub",NULL,"68"
"Falub",NULL,"Glicol"
"FENDT","EXTRA TRANS","SAE 15W40"
"FENDT","PREMIUM GRADE","SAE 15W40"
"FENDT","SUPER TRANS","80W90"
"FENDT","SUPER TRANS LS","80W90"
"FENDT",NULL,"-"
"FENDT",NULL,"68"
"FENDT",NULL,"80W90"
"FENDT",NULL,"ISO VG 68"
"FENDT",NULL,"SAE 15W40"
"FENDT",NULL,"SAE 80W140"
"FENDT",NULL,"SAE 80W90"
"FENDT",NULL,"SAE 85W140"
"FÊNIX",NULL,"ISO VG 46"
"Fleetguard",NULL,"-"
"Fleetguard",NULL,"50/50"
"Fleetguard",NULL,"Coolant"
"Fleetguard",NULL,"NÃO INFORMADO"
"Fleetguard",NULL,"No Informado"
"FLEETGUARD",NULL,"-"
"FLEETGUARD",NULL,"50/50"
"FLEETGUARD",NULL,"68"
"FLEETGUARD",NULL,"Collant"
"FLEETGUARD",NULL,"Coolant"
"FLEETGUARD",NULL,"NÃO INFORMADO"
"FLEETGUARD",NULL,"SAE 15W40"
"FORD",NULL,"-"
"FRAGOL",NULL,"ISO VG 220"
"FUCHS","Renolin VG","ISO VG 32"
"FUCHS",NULL,"-"
"FUCHS",NULL,"220"
"FUCHS",NULL,"22000"
"FUCHS",NULL,"220 EP"
"FUCHS",NULL,"32"
"FUCHS",NULL,"320"
"FUCHS",NULL,"32 POE"
"FUCHS",NULL,"40 (INACTIVO)"
"FUCHS",NULL,"460 WT"
"FUCHS",NULL,"585K"
"FUCHS",NULL,"68"
"FUCHS",NULL,"AW32"
"FUCHS",NULL,"EOS E2"
"FUCHS",NULL,"GRAU 1000"
"FUCHS",NULL,"ISO 120"
"FUCHS",NULL,"ISO 2"
"FUCHS",NULL,"ISO 220"
"FUCHS",NULL,"ISO 32"
"FUCHS",NULL,"ISO 320"
"FUCHS",NULL,"ISO 46"
"FUCHS",NULL,"ISO 460"
"FUCHS",NULL,"ISO 68"
"FUCHS",NULL,"ISO VG 10"
"FUCHS",NULL,"ISO VG 1000"
"FUCHS",NULL,"ISO VG 150"
"FUCHS",NULL,"ISO VG 220"
"FUCHS",NULL,"ISO VG 32"
"FUCHS",NULL,"ISO VG 320"
"FUCHS",NULL,"ISO VG 46"
"FUCHS",NULL,"ISO VG 460"
"FUCHS",NULL,"ISO VG 68"
"FUCHS",NULL,"ISO VG 680"
"FUCHS",NULL,"N 32"
"FUCHS",NULL,"NÃO INFORMADO"
"FUCHS",NULL,"NGLI-2"
"FUCHS",NULL,"PM 220"
"FUCHS",NULL,"SAE 10W40"
"FUCHS",NULL,"SAE 20"
"FUCHS",NULL,"SAE 5W30"
"FUCHS",NULL,"SAE 75W85"
"FUCHS",NULL,"SAE 75W90"
"FUCHS",NULL,"SHC 32"
"FYRQUEL (ICL)",NULL,"ISO VG 46"
"FYRQUEL (ICL)",NULL,"SAE 46"
"GARDNER BANVER",NULL,"ISO VG 150"
"GARDNER BANVER",NULL,"ISO VG 220"
"GE",NULL,"-"
"GE",NULL,"220"
"GE",NULL,"ISO VG 1000"
"GE",NULL,"ISO VG 68"
"GE",NULL,"NA"
"GE",NULL,"NÃO INFORMADO"
"GEA",NULL,"629"
"GEA",NULL,"ISO VG 220"
"GHT","Coolant ELC 50/50","-"
"GHT",NULL,"-"
"GHT",NULL,"50/50"
"GHT",NULL,"ATF"
"GHT",NULL,"Collant"
"GHT",NULL,"Coolant"
"GHT",NULL,"ISO VG 46"
"GHT",NULL,"SAE 10W40"
"GOLD",NULL,"HD 85W140"
"GOLD",NULL,"SAE 15W40"
"GOLD",NULL,"SAE 85W140"
"GT - Oil",NULL,"ISO VG 68"
"GT - Oil",NULL,"NGLI-2"
"GT - Oil",NULL,"SAE 15W40"
"GULF",NULL,"30W"
"GULF",NULL,"68"
"GULF",NULL,"80W"
"GULF",NULL,"80W90"
"GULF",NULL,"ATF"
"GULF",NULL,"AW 68 HLP"
"GULF",NULL,"ISO 68"
"GULF",NULL,"SAE 10W30"
"GULF",NULL,"SAE 10W40"
"GULF",NULL,"SAE 15W40"
"GULF",NULL,"SAE 30"
"GULF",NULL,"SAE 50"
"GULF",NULL,"SAE 5W30"
"GULF",NULL,"SAE 80"
"GULF",NULL,"SAE 80W90"
"GULF",NULL,"SAE 85W140"
"GULF",NULL,"SAE 90"
"HAVOLINE",NULL,"-"
"HAVOLINE",NULL,"50/50"
"HAVOLINE",NULL,"Coolant"
"HAVOLINE",NULL,"Fluide XLD FE"
"HAVOLINE",NULL,"NÃO INFORMADO"
"HAVOLINE",NULL,"SAE 0W20"
"HAVOLINE",NULL,"SAE 10W40"
"HAVOLINE",NULL,"SAE 15W40"
"HAVOLINE",NULL,"SAE 5W30"
"HIDRALUB",NULL,"-"
"HIDRALUB",NULL,"68"
"HIDRALUB",NULL,"ISO 68"
"HIDRALUB",NULL,"ISO VG 68"
"HIDRALUB",NULL,"NÃO INFORMADO"
"HIDROBAK",NULL,"-"
"HIDROBAK",NULL,"68"
"HIDROBAK",NULL,"HIDROBAK HV 68"
"HIDROBAK",NULL,"HY-TRAN"
"HIDROBAK",NULL,"ISO 46"
"HITACHI",NULL,"-"
"HITACHI",NULL,"46"
"HITACHI",NULL,"Coolant"
"HITACHI",NULL,"EX 46"
"HITACHI",NULL,"HOTEMP SUPER CH 2-100"
"HITACHI",NULL,"Hydrau"
"HITACHI",NULL,"ISO 46"
"HITACHI",NULL,"ISO VG 46"
"HITACHI",NULL,"ISO VG 68"
"HITACHI",NULL,"NÃO INFORMADO"
"HITACHI",NULL,"SAE 0W40"
"HITACHI",NULL,"SAE 10W30"
"HITACHI",NULL,"SAE 46"
"HITACHI",NULL,"ZH46"
"HONDA",NULL,"-"
"HONDA",NULL,"SAE 10W30"
"HONDA",NULL,"SAE 20W50"
"HOUGHTON",NULL,"-"
"HOUGHTON",NULL,"624"
"HOUGHTON",NULL,"626"
"HOUGHTON",NULL,"636"
"HOUGHTON",NULL,"68"
"HOUGHTON",NULL,"HYGARD"
"HOUGHTON",NULL,"ISO 32"
"HOUGHTON",NULL,"ISO 68"
"HOUGHTON",NULL,"ISO VG 32"
"HOUGHTON",NULL,"ISO VG 68"
"HOUGHTON",NULL,"QUINTOLUBRIC"
"HOUGHTON",NULL,"SAE 40"
"IBRAVAN",NULL,"220"
"IBRAVAN",NULL,"68"
"IBRAVAN",NULL,"ISO VG 220"
"IBRAVAN",NULL,"ISO VG 320"
"IBRAVAN",NULL,"ISO VG 460"
"IBRAVAN",NULL,"ISO VG 68"
"IBRAVAN",NULL,"SAE 85W140"
"INGERSOLL RAND",NULL,"-"
"INGERSOLL RAND",NULL,"10W (inactive)"
"INGERSOLL RAND",NULL,"20W"
"INGERSOLL RAND",NULL,"46"
"INGERSOLL RAND",NULL,"50/50"
"INGERSOLL RAND",NULL,"68"
"INGERSOLL RAND",NULL,"Collant"
"INGERSOLL RAND",NULL,"Coolant"
"INGERSOLL RAND",NULL,"GAS LDI 40"
"INGERSOLL RAND",NULL,"ISO 46"
"INGERSOLL RAND",NULL,"ISO VG 32"
"INGERSOLL RAND",NULL,"ISO VG 46"
"INGERSOLL RAND",NULL,"NÃO INFORMADO"
"INGERSOLL RAND",NULL,"SAE 0W20"
"INGERSOLL RAND",NULL,"SAE 46"
"INGERSOLL RAND",NULL,"SAE 50"
"INGERSOLL RAND",NULL,"Techtrol"
"INGERSOLL RAND",NULL,"TELLUS 46"
"INGERSOLL-RAND",NULL,"ISO VG 46"
"INGERSOLL RAND ULTRA COOLANT",NULL,"-"
"INGERSOLL RAND ULTRA COOLANT",NULL,"20W"
"INGERSOLL RAND ULTRA COOLANT",NULL,"50/50"
"INGERSOLL RAND ULTRA COOLANT",NULL,"50W"
"INGERSOLL RAND ULTRA COOLANT",NULL,"Collant"
"INGERSOLL RAND ULTRA COOLANT",NULL,"Coolant"
"INGERSOLL RAND ULTRA COOLANT",NULL,"ISO 46"
"INGERSOLL RAND ULTRA COOLANT",NULL,"ISO VG 46"
"INGERSOLL RAND ULTRA COOLANT",NULL,"NÃO INFORMADO"
"INGERSOLL RAND ULTRA COOLANT",NULL,"SAE 10W"
"INGERSOLL RAND ULTRA COOLANT",NULL,"SAE 50"
"INGRAX",NULL,"-"
"INGRAX",NULL,"68"
"INGRAX",NULL,"AW 68 HLP"
"INGRAX",NULL,"HD 85W140"
"INGRAX",NULL,"HM68"
"INGRAX",NULL,"ISO VG 68"
"INGRAX",NULL,"SAE 10W"
"INGRAX",NULL,"SAE 15W30"
"INGRAX",NULL,"SAE 15W40"
"INGRAX",NULL,"SAE 30"
"INTERFLON",NULL,"NLGI 2"
"INTERLUB",NULL,"-"
"INTERLUB",NULL,"220"
"INTERLUB",NULL,"68"
"INTERLUB",NULL,"680"
"INTERLUB",NULL,"ISO 100"
"INTERLUB",NULL,"ISO 220"
"INTERLUB",NULL,"ISO 320"
"INTERLUB",NULL,"ISO VG 150"
"INTERLUB",NULL,"ISO VG 220"
"INTERLUB",NULL,"ISO VG 320"
"INTERLUB",NULL,"ISO VG 46"
"INTERLUB",NULL,"ISO VG 460"
"INTERLUB",NULL,"ISO VG 68"
"INTERLUB",NULL,"ISO VG 680"
"IORGASYNTH",NULL,"HM68"
"IORGASYNTH",NULL,"ISO 46"
"IPIRANGA","10W30 SL","SAE 10W30"
"IPIRANGA","ATF DEXRON II","ATF"
"IPIRANGA","ATF DEXRON III","ATF"
"IPIRANGA","BRUTUS PERFORMANCE 15W40 CI-4","SAE 15W40"
"IPIRANGA","BRUTUS PERFORMANCE 15W40 CJ-4","SAE 15W40"
"IPIRANGA","BRUTUS PERFORMANCE 15W40 CK-4","SAE 15W40"
"IPIRANGA","BRUTUS PROTECTION T5 15W40 CH-4","SAE 15W40"
"IPIRANGA","BRUTUS SINTÉTICO 10W40 E4","SAE 10W40"
"IPIRANGA","F1 MASTER PERFORMANCE 10W40","SAE 10W40"
"IPIRANGA","F1 MASTER PERFORMANCE 15W40 SL","SAE 15W40"
"IPIRANGA","F1 MASTER SINTÉTICO 5W30 SN/RC","SAE 5W30"
"IPIRANGA","IPIFLEX ULTRATECH CA SULF","NLGI 2"
"IPIRANGA","IPIRGEROL GL-4","80W90"
"IPIRANGA","IPIRGEROL GL-5","80W90"
"IPIRANGA","IPIRGEROL GL-5","SAE 85W140"
"IPIRANGA","IPIRGEROL GL-5","SAE 90"
"IPIRANGA","IPITUR AW HLP","68"
"IPIRANGA","IPITUR AW HLP","ISO VG 100"
"IPIRANGA","IPITUR AW HLP","ISO VG 46"
"IPIRANGA","IPITUR AW HLP","ISO VG 68"
"IPIRANGA","IPITUR XVI HVLP","ISO VG 46"
"IPIRANGA","IPITUR XVI HVLP","ISO VG 68"
"IPIRANGA","ISAFLUID 433 HD","SAE 30"
"IPIRANGA","ISAFLUID 434 TO","SAE 10W30"
"IPIRANGA","MOTO PROTECTION 20W50 SL","SAE 20W50"
"IPIRANGA","RADIADOR CAMINHÃO PRONTO PARA USO","-"
"IPIRANGA","SP ","ISO 220"
"IPIRANGA","SP ","ISO 320"
"IPIRANGA","SP ","ISO 460"
"IPIRANGA","SP ","ISO VG 150"
"IPIRANGA","SP ULTRATECH","ISO 220"
"IPIRANGA","SP ULTRATECH","ISO 320"
"IPIRANGA","ULTRAGEAR LS","80W90"
"IPIRANGA","ULTRAGEAR LS","SAE 85W140"
"IPIRANGA","ULTRAGEAR MB","SAE 40"
"IPIRANGA","ULTRAGEAR MB","SAE 80"
"IPIRANGA","ULTRAGEAR MB","SAE 90"
"IPIRANGA","ULTRAGEAR PREMIUM","80W90"
"IPIRANGA","ULTRAMO TURBO CT","SAE 50"
"IPIRANGA",NULL,"-"
"IPIRANGA",NULL,"150"
"IPIRANGA",NULL,"1 ATF"
"IPIRANGA",NULL,"220"
"IPIRANGA",NULL,"30W"
"IPIRANGA",NULL,"320"
"IPIRANGA",NULL,"40 (INACTIVO)"
"IPIRANGA",NULL,"424"
"IPIRANGA",NULL,"46"
"IPIRANGA",NULL,"460"
"IPIRANGA",NULL,"460 OH"
"IPIRANGA",NULL,"50/50"
"IPIRANGA",NULL,"50M"
"IPIRANGA",NULL,"50W"
"IPIRANGA",NULL,"5W40"
"IPIRANGA",NULL,"600 XP 460"
"IPIRANGA",NULL,"600 XP 68"
"IPIRANGA",NULL,"68"
"IPIRANGA",NULL,"680"
"IPIRANGA",NULL,"70W80"
"IPIRANGA",NULL,"70W90"
"IPIRANGA",NULL,"75W80"
"IPIRANGA",NULL,"80W"
"IPIRANGA",NULL,"80w140"
"IPIRANGA",NULL,"80W90"
"IPIRANGA",NULL,"85W40"
"IPIRANGA",NULL,"85W90"
"IPIRANGA",NULL,"Allison"
"IPIRANGA",NULL,"ATF"
"IPIRANGA",NULL,"ATF 200"
"IPIRANGA",NULL,"ATF MD3"
"IPIRANGA",NULL,"AW32"
"IPIRANGA",NULL,"AW 68 HLP"
"IPIRANGA",NULL,"Collant"
"IPIRANGA",NULL,"Coolant"
"IPIRANGA",NULL,"COOL-GARD"
"IPIRANGA",NULL,"EP 0"
"IPIRANGA",NULL,"EP 2"
"IPIRANGA",NULL,"EP 22 M"
"IPIRANGA",NULL,"Fluid DOT4"
"IPIRANGA",NULL,"Fluidmatic MV LV"
"IPIRANGA",NULL,"HD 30"
"IPIRANGA",NULL,"HD 85W140"
"IPIRANGA",NULL,"HIDROBAK HV 68"
"IPIRANGA",NULL,"HM68"
"IPIRANGA",NULL,"HO-46"
"IPIRANGA",NULL,"HYGARD"
"IPIRANGA",NULL,"ISO 100"
"IPIRANGA",NULL,"ISO 220"
"IPIRANGA",NULL,"ISO 2200"
"IPIRANGA",NULL,"ISO 320"
"IPIRANGA",NULL,"ISO 46"
"IPIRANGA",NULL,"ISO 460"
"IPIRANGA",NULL,"ISO 68"
"IPIRANGA",NULL,"ISO VG 100"
"IPIRANGA",NULL,"ISO VG 150"
"IPIRANGA",NULL,"ISO VG 220"
"IPIRANGA",NULL,"ISO VG 32"
"IPIRANGA",NULL,"ISO VG 320"
"IPIRANGA",NULL,"ISO VG 46"
"IPIRANGA",NULL,"ISO VG 460"
"IPIRANGA",NULL,"ISO VG 68"
"IPIRANGA",NULL,"ISO VG 680"
"IPIRANGA",NULL,"NA"
"IPIRANGA",NULL,"NÃO INFORMADO"
"IPIRANGA",NULL,"No Informado"
"IPIRANGA",NULL,"Óleo Diesel"
"IPIRANGA",NULL,"OMALA 150"
"IPIRANGA",NULL,"OMALA 220"
"IPIRANGA",NULL,"Plus 50"
"IPIRANGA",NULL,"Plus 85w140"
"IPIRANGA",NULL,"PM 460"
"IPIRANGA",NULL,"S10"
"IPIRANGA",NULL,"S500"
"IPIRANGA",NULL,"SAE 0W16"
"IPIRANGA",NULL,"SAE 0W20"
"IPIRANGA",NULL,"SAE 0W30"
"IPIRANGA",NULL,"SAE 0W50"
"IPIRANGA",NULL,"SAE 10W"
"IPIRANGA",NULL,"SAE 10W30"
"IPIRANGA",NULL,"SAE 10W40"
"IPIRANGA",NULL,"SAE 140"
"IPIRANGA",NULL,"SAE 140."
"IPIRANGA",NULL,"SAE 15W30"
"IPIRANGA",NULL,"SAE 15W40"
"IPIRANGA",NULL,"SAE 15W50"
"IPIRANGA",NULL,"SAE 20W30"
"IPIRANGA",NULL,"SAE 20W50"
"IPIRANGA",NULL,"SAE 30"
"IPIRANGA",NULL,"SAE 30W"
"IPIRANGA",NULL,"SAE 40"
"IPIRANGA",NULL,"SAE 46"
"IPIRANGA",NULL,"SAE 50"
"IPIRANGA",NULL,"SAE 5W30"
"IPIRANGA",NULL,"SAE 60"
"IPIRANGA",NULL,"SAE 75W140"
"IPIRANGA",NULL,"SAE 75W80"
"IPIRANGA",NULL,"SAE 75W85"
"IPIRANGA",NULL,"SAE 75W90"
"IPIRANGA",NULL,"SAE 80"
"IPIRANGA",NULL,"SAE 80W140"
"IPIRANGA",NULL,"SAE 80W90"
"IPIRANGA",NULL,"SAE 85W140"
"IPIRANGA",NULL,"SAE 90"
"IPIRANGA",NULL,"SHC 005"
"IPIRANGA",NULL,"TELLUS 68"
"IPIRANGA",NULL,"TO-30"
"IPIRANGA",NULL,"TO-46"
"IPIRANGA",NULL,"TRANSYND"
"IPIRANGA",NULL,"VG 68"
"IPITHERM",NULL,"-"
"IPITHERM",NULL,"ISO VG 460"
"JCB",NULL,"-"
"JCB",NULL,"2000"
"JCB",NULL,"4000"
"JCB",NULL,"668"
"JCB",NULL,"68"
"JCB",NULL,"85W90"
"JCB",NULL,"Coolant"
"JCB",NULL,"COOL-GARD"
"JCB",NULL,"Glicol"
"JCB",NULL,"GRAU 86"
"JCB",NULL,"HYGARD"
"JCB",NULL,"ISO 46"
"JCB",NULL,"ISO 68"
"JCB",NULL,"ISO VG 15"
"JCB",NULL,"ISO VG 46"
"JCB",NULL,"ISO VG 68"
"JCB",NULL,"Óleo Diesel"
"JCB",NULL,"S10"
"JCB",NULL,"S500"
"JCB",NULL,"SAE 10W"
"JCB",NULL,"SAE 10W30"
"JCB",NULL,"SAE 10W40"
"JCB",NULL,"SAE 10W50"
"JCB",NULL,"SAE 15W30"
"JCB",NULL,"SAE 15W40"
"JCB",NULL,"SAE 20W30"
"JCB",NULL,"SAE 30"
"JCB",NULL,"SAE 46"
"JCB",NULL,"SAE 50"
"JCB",NULL,"SAE 80W90"
"JCB",NULL,"SAE 85W140"
"JCB",NULL,"SAE 90"
"JCB",NULL,"TORQ GARD"
"JOHN DEERE","BREAK-IN","SAE 10W30"
"JOHN DEERE","Break-in-Plus","SAE 15W40"
"JOHN DEERE","Break-In Plus","SAE 10W30"
"JOHN DEERE","COOLGARD II 50/50","-"
"JOHN DEERE","Cool-Gard™ II Concentrado 50/50","50/50"
"JOHN DEERE","GL-5","SAE 85W140"
"JOHN DEERE","HYDRAU","ISO VG 46"
"JOHN DEERE","HYDRAU","ISO VG 68"
"JOHN DEERE","Hydrau-Gard","ISO VG 68"
"JOHN DEERE","Hy-Gard","SAE 10W30"
"JOHN DEERE","Óleo para Transmissão","85W90"
"JOHN DEERE","PLUS-4","SAE 10W30"
"JOHN DEERE","PLUS-50","SAE 15W40"
"JOHN DEERE","PLUS-50 II","SAE 15W40"
"JOHN DEERE","TORQ-GARD II","SAE 15W40"
"JOHN DEERE",NULL,"-"
"JOHN DEERE",NULL,"0,5"
"JOHN DEERE",NULL,"1005"
"JOHN DEERE",NULL,"102 EAL"
"JOHN DEERE",NULL,"10 EXCEL 68"
"JOHN DEERE",NULL,"10w50"
"JOHN DEERE",NULL,"10W (inactive)"
"JOHN DEERE",NULL,"2000"
"JOHN DEERE",NULL,"20W"
"JOHN DEERE",NULL,"220"
"JOHN DEERE",NULL,"30W"
"JOHN DEERE",NULL,"40W50"
"JOHN DEERE",NULL,"428"
"JOHN DEERE",NULL,"46"
"JOHN DEERE",NULL,"4600"
"JOHN DEERE",NULL,"460 OH"
"JOHN DEERE",NULL,"460 WT"
"JOHN DEERE",NULL,"50"
"JOHN DEERE",NULL,"50/50"
"JOHN DEERE",NULL,"550"
"JOHN DEERE",NULL,"5W20"
"JOHN DEERE",NULL,"5W40"
"JOHN DEERE",NULL,"68"
"JOHN DEERE",NULL,"70W90"
"JOHN DEERE",NULL,"75w140"
"JOHN DEERE",NULL,"75W80"
"JOHN DEERE",NULL,"80W"
"JOHN DEERE",NULL,"80w140"
"JOHN DEERE",NULL,"80W85"
"JOHN DEERE",NULL,"80W90"
"JOHN DEERE",NULL,"80W95"
"JOHN DEERE",NULL,"85W40"
"JOHN DEERE",NULL,"85W90"
"JOHN DEERE",NULL,"90"
"JOHN DEERE",NULL,"ATF"
"JOHN DEERE",NULL,"AW 68 HLP"
"JOHN DEERE",NULL,"Biodiesel B100"
"JOHN DEERE",NULL,"BP 46"
"JOHN DEERE",NULL,"Collant"
"JOHN DEERE",NULL,"Coolant"
"JOHN DEERE",NULL,"COOL-GARD"
"JOHN DEERE",NULL,"EX 46"
"JOHN DEERE",NULL,"GAS LDI 40"
"JOHN DEERE",NULL,"Glicol"
"JOHN DEERE",NULL,"HD 30"
"JOHN DEERE",NULL,"HD 60"
"JOHN DEERE",NULL,"HD 80W90"
"JOHN DEERE",NULL,"HD 85W140"
"JOHN DEERE",NULL,"HD - A 80W90"
"JOHN DEERE",NULL,"HD - A 85W90"
"JOHN DEERE",NULL,"Hidráulico"
"JOHN DEERE",NULL,"HIDROBAK HV 68"
"JOHN DEERE",NULL,"HM68"
"JOHN DEERE",NULL,"HO-46"
"JOHN DEERE",NULL,"HOTEMP SUPER CH 2-100"
"JOHN DEERE",NULL,"HOTEMP SUPER N PLUS"
"JOHN DEERE",NULL,"HV100"
"JOHN DEERE",NULL,"HV46"
"JOHN DEERE",NULL,"Hydrau"
"JOHN DEERE",NULL,"HYGARD"
"JOHN DEERE",NULL,"HY-TRAN"
"JOHN DEERE",NULL,"ISO 46"
"JOHN DEERE",NULL,"ISO 460"
"JOHN DEERE",NULL,"ISO 68"
"JOHN DEERE",NULL,"ISO VG 1000"
"JOHN DEERE",NULL,"ISO VG 220"
"JOHN DEERE",NULL,"ISO VG 320"
"JOHN DEERE",NULL,"ISO VG 46"
"JOHN DEERE",NULL,"ISO VG 460"
"JOHN DEERE",NULL,"ISO VG 68"
"JOHN DEERE",NULL,"ISO VG 68 (duplicado)"
"JOHN DEERE",NULL,"IV - A PLUS"
"JOHN DEERE",NULL,"LHM Plus"
"JOHN DEERE",NULL,"LUBRAX LITHPLUS HV 2"
"JOHN DEERE",NULL,"mobil"
"JOHN DEERE",NULL,"NA"
"JOHN DEERE",NULL,"NÃO INFORMADO"
"JOHN DEERE",NULL,"NLGI 00"
"JOHN DEERE",NULL,"No Informado"
"JOHN DEERE",NULL,"Óleo Diesel"
"JOHN DEERE",NULL,"Plus 50"
"JOHN DEERE",NULL,"PLUS 50 II"
"JOHN DEERE",NULL,"Plus 85w140"
"JOHN DEERE",NULL,"S10"
"JOHN DEERE",NULL,"S500"
"JOHN DEERE",NULL,"S 80W90"
"JOHN DEERE",NULL,"SAE 0W16"
"JOHN DEERE",NULL,"SAE 0W20"
"JOHN DEERE",NULL,"SAE 0W30"
"JOHN DEERE",NULL,"SAE 0W40"
"JOHN DEERE",NULL,"SAE 0W50"
"JOHN DEERE",NULL,"SAE 10W"
"JOHN DEERE",NULL,"SAE 10W30"
"JOHN DEERE",NULL,"SAE 10W40"
"JOHN DEERE",NULL,"SAE 10W50"
"JOHN DEERE",NULL,"SAE 140"
"JOHN DEERE",NULL,"SAE 140."
"JOHN DEERE",NULL,"SAE 15W30"
"JOHN DEERE",NULL,"SAE 15W40"
"JOHN DEERE",NULL,"SAE 15W50"
"JOHN DEERE",NULL,"SAE 15W60"
"JOHN DEERE",NULL,"SAE 20W30"
"JOHN DEERE",NULL,"SAE 20W40"
"JOHN DEERE",NULL,"SAE 20W50"
"JOHN DEERE",NULL,"SAE 20W60"
"JOHN DEERE",NULL,"SAE 25W40"
"JOHN DEERE",NULL,"SAE 25W50"
"JOHN DEERE",NULL,"SAE 30"
"JOHN DEERE",NULL,"SAE 46"
"JOHN DEERE",NULL,"SAE 50"
"JOHN DEERE",NULL,"SAE 5W30"
"JOHN DEERE",NULL,"SAE 5W40"
"JOHN DEERE",NULL,"SAE 60"
"JOHN DEERE",NULL,"SAE 68"
"JOHN DEERE",NULL,"SAE 75W140"
"JOHN DEERE",NULL,"SAE 75W85"
"JOHN DEERE",NULL,"SAE 75W90"
"JOHN DEERE",NULL,"SAE 80"
"JOHN DEERE",NULL,"SAE 80W140"
"JOHN DEERE",NULL,"SAE 80W90"
"JOHN DEERE",NULL,"SAE 85W140"
"JOHN DEERE",NULL,"SAE 90"
"JOHN DEERE",NULL,"TDH SPECIAL"
"JOHN DEERE",NULL,"TELLUS 46"
"JOHN DEERE",NULL,"TO-10"
"JOHN DEERE",NULL,"TO-46"
"JOHN DEERE",NULL,"Torilis 7200"
"JOHN DEERE",NULL,"TORQ GARD"
"JOHN DEERE",NULL,"WB101"
"JOHN DEERE",NULL,"ZH46"
"KAESER",NULL,"-"
"KAESER",NULL,"8000"
"KAESER",NULL,"ISO 100"
"KAESER",NULL,"ISO 46"
"KAESER",NULL,"ISO 460"
"KAESER",NULL,"ISO 68"
"KAESER",NULL,"ISO VG 100"
"KAESER",NULL,"ISO VG 150"
"KAESER",NULL,"ISO VG 32"
"KAESER",NULL,"ISO VG 46"
"KAESER",NULL,"ISO VG 460"
"KARTER",NULL,"SAE 5W30"
"KLUBER","GH 6-100 - PAG","ISO 100"
"KLUBER","KluberPlex","41-141"
"KLUBER","Klüber Summit NGSH","ISO VG 68"
"KLUBER","Klüber Summit R 200","Klüber Summit R 200"
"KLUBER","Klübersynth EG 4","ISO 460"
"KLUBER","Klübersynth EG 4","ISO VG 150"
"KLUBER","Klübersynth GH 6","ISO 220"
"KLUBER","Klübersynth GH 6","ISO 320"
"KLUBER","Klübersynth GH 6","ISO VG 100"
"KLUBER","Klübersynth GH 6","ISO VG 150"
"KLUBER",NULL,"-"
"KLUBER",NULL,"100"
"KLUBER",NULL,"16500"
"KLUBER",NULL,"2000"
"KLUBER",NULL,"20W"
"KLUBER",NULL,"220"
"KLUBER",NULL,"320"
"KLUBER",NULL,"41-141"
"KLUBER",NULL,"460"
"KLUBER",NULL,"4600"
"KLUBER",NULL,"460 OH"
"KLUBER",NULL,"68"
"KLUBER",NULL,"680"
"KLUBER",NULL,"GRAU 1000"
"KLUBER",NULL,"GRAU 130"
"KLUBER",NULL,"GRAU 400"
"KLUBER",NULL,"Grease"
"KLUBER",NULL,"ISO 100"
"KLUBER",NULL,"ISO 120"
"KLUBER",NULL,"ISO 220"
"KLUBER",NULL,"ISO 32"
"KLUBER",NULL,"ISO 320"
"KLUBER",NULL,"ISO 46"
"KLUBER",NULL,"ISO 460"
"KLUBER",NULL,"ISO 68"
"KLUBER",NULL,"ISO VG 100"
"KLUBER",NULL,"ISO VG 1000"
"KLUBER",NULL,"ISO VG 15"
"KLUBER",NULL,"ISO VG 150"
"KLUBER",NULL,"ISO VG 1500"
"KLUBER",NULL,"ISO VG 22"
"KLUBER",NULL,"ISO VG 220"
"KLUBER",NULL,"ISO VG 32"
"KLUBER",NULL,"ISO VG 320"
"KLUBER",NULL,"ISO VG 46"
"KLUBER",NULL,"ISO VG 460"
"KLUBER",NULL,"ISO VG 68"
"KLUBER",NULL,"ISO VG 680"
"KLUBER",NULL,"ISO VG 7"
"KLUBER",NULL,"Klüber Madol 913"
"KLUBER",NULL,"KlüberSummit PS-100"
"KLUBER",NULL,"Klüber-Summit PS-200"
"KLUBER",NULL,"Klüber Summit R 200"
"KLUBER",NULL,"NA"
"KLUBER",NULL,"NÃO INFORMADO"
"KLUBER",NULL,"NGLI 1-2"
"KLUBER",NULL,"NLGI 1"
"KLUBER",NULL,"NLGI 2"
"KLUBER",NULL,"S10"
"KLUBER",NULL,"SAE 15W40"
"KLUBER",NULL,"SAE 75W90"
"KLUBER",NULL,"ZH46"
"KOBELCO",NULL,"TO-30"
"KOMATSU","EO 15W-40","SAE 15W40"
"KOMATSU","HO","ISO VG 46"
"KOMATSU","HO46 – HM","ISO VG 46"
"KOMATSU","TO 30","SAE 30"
"KOMATSU",NULL,"-"
"KOMATSU",NULL,"1005"
"KOMATSU",NULL,"10w50"
"KOMATSU",NULL,"1 SHC"
"KOMATSU",NULL,"20W"
"KOMATSU",NULL,"30"
"KOMATSU",NULL,"30W"
"KOMATSU",NULL,"460 OH"
"KOMATSU",NULL,"50/50"
"KOMATSU",NULL,"550"
"KOMATSU",NULL,"60/40"
"KOMATSU",NULL,"68"
"KOMATSU",NULL,"80W"
"KOMATSU",NULL,"80W90"
"KOMATSU",NULL,"AF-NAC"
"KOMATSU",NULL,"ATF 200"
"KOMATSU",NULL,"AXO80"
"KOMATSU",NULL,"BP 46"
"KOMATSU",NULL,"Collant"
"KOMATSU",NULL,"Coolant"
"KOMATSU",NULL,"COOL-GARD"
"KOMATSU",NULL,"Glicol"
"KOMATSU",NULL,"HD 85W140"
"KOMATSU",NULL,"HO-46"
"KOMATSU",NULL,"HO-56"
"KOMATSU",NULL,"ISO VG 45"
"KOMATSU",NULL,"ISO VG 46"
"KOMATSU",NULL,"ISO VG 68"
"KOMATSU",NULL,"LUBRAX LITHPLUS HV 2"
"KOMATSU",NULL,"NÃO INFORMADO"
"KOMATSU",NULL,"No Informado"
"KOMATSU",NULL,"Óleo Diesel"
"KOMATSU",NULL,"Plus 85w140"
"KOMATSU",NULL,"S10"
"KOMATSU",NULL,"S500"
"KOMATSU",NULL,"SAE 0W30"
"KOMATSU",NULL,"SAE 10W"
"KOMATSU",NULL,"SAE 10W30"
"KOMATSU",NULL,"SAE 10W40"
"KOMATSU",NULL,"SAE 15W30"
"KOMATSU",NULL,"SAE 15W40"
"KOMATSU",NULL,"SAE 15W50"
"KOMATSU",NULL,"SAE 20W30"
"KOMATSU",NULL,"SAE 20W40"
"KOMATSU",NULL,"SAE 30"
"KOMATSU",NULL,"SAE 30W"
"KOMATSU",NULL,"SAE 46"
"KOMATSU",NULL,"SAE 80"
"KOMATSU",NULL,"SAE 80W140"
"KOMATSU",NULL,"SAE 85W140"
"KOMATSU",NULL,"SAE 90"
"KOMATSU",NULL,"TO-10"
"KOMATSU",NULL,"TO-30"
"KOMATSU",NULL,"TO-46"
"Komatsu do Brasil",NULL,"30W"
"Komatsu do Brasil",NULL,"AXO80"
"Komatsu do Brasil",NULL,"Coolant"
"Komatsu do Brasil",NULL,"HD 85W140"
"Komatsu do Brasil",NULL,"HM68"
"Komatsu do Brasil",NULL,"HO-46"
"Komatsu do Brasil",NULL,"HV46"
"Komatsu do Brasil",NULL,"ISO VG 46"
"Komatsu do Brasil",NULL,"NÃO INFORMADO"
"Komatsu do Brasil",NULL,"Óleo Diesel"
"Komatsu do Brasil",NULL,"SAE 10W"
"Komatsu do Brasil",NULL,"SAE 10W30"
"Komatsu do Brasil",NULL,"SAE 15W40"
"Komatsu do Brasil",NULL,"SAE 15W50"
"Komatsu do Brasil",NULL,"SAE 20W30"
"Komatsu do Brasil",NULL,"SAE 30"
"Komatsu do Brasil",NULL,"SAE 46"
"Komatsu do Brasil",NULL,"SAE 90"
"Komatsu do Brasil",NULL,"TO-10"
"Komatsu do Brasil",NULL,"TO-30"
"Komatsu do Brasil",NULL,"TO-46"
"KROON-OIL",NULL,"ATF"
"LEYBOLD",NULL,"-"
"LEYBOLD",NULL,"ISO 100"
"LEYBOLD",NULL,"ISO VG 100"
"LEYBOLD",NULL,"ISO VG 220"
"LEYBOLD",NULL,"ISO VG 68"
"LIEBHERR","Motoroil","SAE 10W40"
"LIEBHERR",NULL,"-"
"LIEBHERR",NULL,"1 ATF"
"LIEBHERR",NULL,"220"
"LIEBHERR",NULL,"68"
"LIEBHERR",NULL,"80W"
"LIEBHERR",NULL,"80w140"
"LIEBHERR",NULL,"80W90"
"LIEBHERR",NULL,"85W40"
"LIEBHERR",NULL,"85W90"
"LIEBHERR",NULL,"ATF"
"LIEBHERR",NULL,"ATF MD3"
"LIEBHERR",NULL,"AW 68 HLP"
"LIEBHERR",NULL,"Coolant"
"LIEBHERR",NULL,"HD 85W140"
"LIEBHERR",NULL,"ISO 100"
"LIEBHERR",NULL,"ISO 220"
"LIEBHERR",NULL,"ISO 68"
"LIEBHERR",NULL,"ISO VG 100"
"LIEBHERR",NULL,"ISO VG 220"
"LIEBHERR",NULL,"ISO VG 68"
"LIEBHERR",NULL,"NÃO INFORMADO"
"LIEBHERR",NULL,"S10"
"LIEBHERR",NULL,"SAE 10W30"
"LIEBHERR",NULL,"SAE 10W40"
"LIEBHERR",NULL,"SAE 15W40"
"LIEBHERR",NULL,"SAE 50"
"LIEBHERR",NULL,"SAE 75W140"
"LIEBHERR",NULL,"SAE 75W90"
"LIEBHERR",NULL,"SAE 85W140"
"LIEBHERR",NULL,"SAE 90"
"LIEBHERR",NULL,"TELLUS 68"
"LONGEVIA",NULL,"-"
"LUBEX",NULL,"GRAU 130"
"LUBEX",NULL,"ISO VG 220"
"LUBEX",NULL,"SAE 15W40"
"LUBEX",NULL,"SAE 20W30"
"LUBRAX","AVANTE","SAE 10W40"
"LUBRAX","COMPSOR RF","ISO 46"
"LUBRAX","COMPSOR RF","ISO VG 100"
"LUBRAX","COMPSOR RF","ISO VG 46"
"LUBRAX","COMPSOR RF","ISO VG 68"
"LUBRAX","EXTRA TURBO CH-4","SAE 15W40"
"LUBRAX","GAS 40","SAE 40"
"LUBRAX","Gear","ISO VG 680"
"LUBRAX","GEAR","ISO 220"
"LUBRAX","GEAR","ISO 320"
"LUBRAX","GEAR","ISO 68"
"LUBRAX","GEAR","ISO VG 150"
"LUBRAX","Gear 460","ISO 460"
"LUBRAX","GL 5","80W90"
"LUBRAX","GL 5","SAE 85W140"
"LUBRAX","GL 5 LS","SAE 85W140"
"LUBRAX","GL 5 LS","SAE 90"
"LUBRAX","GOLD","SAE 75W90"
"LUBRAX","GOLD","SAE 85W140"
"LUBRAX","HYDRA","ISO 100"
"LUBRAX","HYDRA","ISO 32"
"LUBRAX","HYDRA","ISO 320"
"LUBRAX","HYDRA","ISO 68"
"LUBRAX","HYDRA","ISO VG 150"
"LUBRAX","HYDRA","ISO VG 46"
"LUBRAX","HYDRA HV","ISO 68"
"LUBRAX","HYDRA HV","ISO VG 15"
"LUBRAX","HYDRA HV","ISO VG 46"
"LUBRAX","HYDRA XP","ISO 32"
"LUBRAX","HYDRA XP","ISO 46"
"LUBRAX","HYDRA XP","ISO 68"
"LUBRAX","HYDRA XP","ISO VG 15"
"LUBRAX","HYDRA XP","ISO VG 150"
"LUBRAX","HYDRA XP","ISO VG 46"
"LUBRAX","Lubrax TRM 4","80W"
"LUBRAX","TDX","ATF"
"LUBRAX","TOP TURBO","SAE 15W40"
"LUBRAX","TOP TURBO PRO","SAE 15W40"
"LUBRAX","TRM 4","80W"
"LUBRAX","TRM 5","SAE 85W140"
"LUBRAX","TURBINA EP","ISO 100"
"LUBRAX","TURBINA EP","ISO 32"
"LUBRAX","TURBINA EP","ISO 68"
"LUBRAX","TURBINA EP","ISO VG 46"
"LUBRAX","TURBO ME","SAE 40"
"LUBRAX","UNITRACTOR","SAE 10W30"
"LUBRAX","UNITRACTOR PREMIUM","SAE 10W30"
"LUBRAX","UTILE OT","ISO 100"
"LUBRAX","UTILE OT","ISO VG 46"
"LUBRAX","VALORA OFFROAD","SAE 5W30"
"LUBRAX",NULL,"-"
"LUBRAX",NULL,"10 EXCEL 32"
"LUBRAX",NULL,"10w50"
"LUBRAX",NULL,"1 ATF"
"LUBRAX",NULL,"200D"
"LUBRAX",NULL,"20W"
"LUBRAX",NULL,"20W20"
"LUBRAX",NULL,"220"
"LUBRAX",NULL,"220 EP"
"LUBRAX",NULL,"30"
"LUBRAX",NULL,"30W"
"LUBRAX",NULL,"32"
"LUBRAX",NULL,"320"
"LUBRAX",NULL,"40 (INACTIVO)"
"LUBRAX",NULL,"41-141"
"LUBRAX",NULL,"424"
"LUBRAX",NULL,"46"
"LUBRAX",NULL,"460"
"LUBRAX",NULL,"4600"
"LUBRAX",NULL,"460 OH"
"LUBRAX",NULL,"50"
"LUBRAX",NULL,"500"
"LUBRAX",NULL,"50/50"
"LUBRAX",NULL,"50M"
"LUBRAX",NULL,"50W"
"LUBRAX",NULL,"5W20"
"LUBRAX",NULL,"5W40"
"LUBRAX",NULL,"600 XP 100"
"LUBRAX",NULL,"600 XP 150"
"LUBRAX",NULL,"600 XP 220"
"LUBRAX",NULL,"600 XP 320"
"LUBRAX",NULL,"600 XP 460"
"LUBRAX",NULL,"600 XP 68"
"LUBRAX",NULL,"68"
"LUBRAX",NULL,"680"
"LUBRAX",NULL,"70W80"
"LUBRAX",NULL,"70W90"
"LUBRAX",NULL,"75W80"
"LUBRAX",NULL,"80W"
"LUBRAX",NULL,"80w140"
"LUBRAX",NULL,"80W85"
"LUBRAX",NULL,"80W90"
"LUBRAX",NULL,"80W95"
"LUBRAX",NULL,"85W40"
"LUBRAX",NULL,"85W90"
"LUBRAX",NULL,"90"
"LUBRAX",NULL,"AT101"
"LUBRAX",NULL,"AT102"
"LUBRAX",NULL,"ATF"
"LUBRAX",NULL,"ATF 200"
"LUBRAX",NULL,"AW 68 HLP"
"LUBRAX",NULL,"BP 46"
"LUBRAX",NULL,"Coolant"
"LUBRAX",NULL,"COOL-GARD"
"LUBRAX",NULL,"Fluide DA"
"LUBRAX",NULL,"Glicol"
"LUBRAX",NULL,"GRAU 100"
"LUBRAX",NULL,"GRAU 180"
"LUBRAX",NULL,"GRAU 29"
"LUBRAX",NULL,"GRAU 400"
"LUBRAX",NULL,"GRAU 440"
"LUBRAX",NULL,"GRAU 86"
"LUBRAX",NULL,"HD 10"
"LUBRAX",NULL,"HD 50"
"LUBRAX",NULL,"HD 60"
"LUBRAX",NULL,"HD 85W140"
"LUBRAX",NULL,"HD - A 85W90"
"LUBRAX",NULL,"HIDROBAK HV 68"
"LUBRAX",NULL,"HM68"
"LUBRAX",NULL,"HO-46"
"LUBRAX",NULL,"HYGARD"
"LUBRAX",NULL,"ISO 100"
"LUBRAX",NULL,"ISO 120"
"LUBRAX",NULL,"ISO 220"
"LUBRAX",NULL,"ISO 245"
"LUBRAX",NULL,"ISO 32"
"LUBRAX",NULL,"ISO 320"
"LUBRAX",NULL,"ISO 3200"
"LUBRAX",NULL,"ISO 46"
"LUBRAX",NULL,"ISO 460"
"LUBRAX",NULL,"ISO 68"
"LUBRAX",NULL,"ISO VG 10"
"LUBRAX",NULL,"ISO VG 100"
"LUBRAX",NULL,"ISO VG 1000"
"LUBRAX",NULL,"ISO VG 15"
"LUBRAX",NULL,"ISO VG 150"
"LUBRAX",NULL,"ISO VG 220"
"LUBRAX",NULL,"ISO VG 27"
"LUBRAX",NULL,"ISO VG 32"
"LUBRAX",NULL,"ISO VG 320"
"LUBRAX",NULL,"ISO VG 46"
"LUBRAX",NULL,"ISO VG 460"
"LUBRAX",NULL,"ISO VG 68"
"LUBRAX",NULL,"ISO VG 680"
"LUBRAX",NULL,"ISO VG 68 (duplicado)"
"LUBRAX",NULL,"LHM Plus"
"LUBRAX",NULL,"LUBRAX LITHPLUS HV 2"
"LUBRAX",NULL,"M 420"
"LUBRAX",NULL,"N 32"
"LUBRAX",NULL,"NA"
"LUBRAX",NULL,"NÃO INFORMADO"
"LUBRAX",NULL,"Óleo Diesel"
"LUBRAX",NULL,"OMALA 220"
"LUBRAX",NULL,"Plus 50"
"LUBRAX",NULL,"PLUS 50 II"
"LUBRAX",NULL,"Plus 85w140"
"LUBRAX",NULL,"ROTO Z"
"LUBRAX",NULL,"S10"
"LUBRAX",NULL,"S500"
"LUBRAX",NULL,"SAE 0W20"
"LUBRAX",NULL,"SAE 0W50"
"LUBRAX",NULL,"SAE 10W"
"LUBRAX",NULL,"SAE 10W30"
"LUBRAX",NULL,"SAE 10W40"
"LUBRAX",NULL,"SAE 140"
"LUBRAX",NULL,"SAE 140."
"LUBRAX",NULL,"SAE 15W30"
"LUBRAX",NULL,"SAE 15W40"
"LUBRAX",NULL,"SAE 15W50"
"LUBRAX",NULL,"SAE 20"
"LUBRAX",NULL,"SAE 20W30"
"LUBRAX",NULL,"SAE 20W40"
"LUBRAX",NULL,"SAE 20W50"
"LUBRAX",NULL,"SAE 20W60"
"LUBRAX",NULL,"SAE 30"
"LUBRAX",NULL,"SAE 30W"
"LUBRAX",NULL,"SAE 40"
"LUBRAX",NULL,"SAE 46"
"LUBRAX",NULL,"SAE 50"
"LUBRAX",NULL,"SAE 5W30"
"LUBRAX",NULL,"SAE 5W40"
"LUBRAX",NULL,"SAE 60"
"LUBRAX",NULL,"SAE 75W140"
"LUBRAX",NULL,"SAE 75W80"
"LUBRAX",NULL,"SAE 75W85"
"LUBRAX",NULL,"SAE 75W90"
"LUBRAX",NULL,"SAE 80"
"LUBRAX",NULL,"SAE 80W140"
"LUBRAX",NULL,"SAE 80W90"
"LUBRAX",NULL,"SAE 85W140"
"LUBRAX",NULL,"SAE 90"
"LUBRAX",NULL,"Seriola 1510"
"LUBRAX",NULL,"TDH SPECIAL"
"LUBRAX",NULL,"TELLUS 46"
"LUBRAX",NULL,"THF GRANS"
"LUBRAX",NULL,"TO-10"
"LUBRAX",NULL,"TO-30"
"LUBRAX",NULL,"TO-46"
"LUBRAX",NULL,"TURBINA R 68"
"LUBRAX",NULL,"VG 68"
"Lubri Motors",NULL,"68"
"Lubri Motors",NULL,"ISO VG 100"
"Lubri Motors",NULL,"SAE 85W140"
"LUBRISINT",NULL,"-"
"LUBRISINT",NULL,"5W20"
"LUBRISINT",NULL,"68"
"LUBRISINT",NULL,"ISO 68"
"LUBRISINT",NULL,"ISO VG 150"
"LUBRISINT",NULL,"ISO VG 680"
"LUBRISINT",NULL,"SAE 90"
"LUBRIZOL","EMKARATE RL170H","-"
"LUBRIZOL",NULL,"68"
"LUBRIZOL",NULL,"ISO 68"
"LUBRIZOL",NULL,"ISO VG 10"
"LUBRIZOL",NULL,"ISO VG 220"
"LUBRIZOL",NULL,"ISO VG 68"
"LUBRIZOL",NULL,"SAE 75W90"
"LUBRIZOL",NULL,"SAE 80W90"
"MacDermid",NULL,"-"
"MARGOIL",NULL,"DTE 26"
"MATRIX SPECIALTY LUBRICANT",NULL,"ISO 220"
"MAXEON",NULL,"N 32"
"MAXEON",NULL,"SAE 10W40"
"MAXIMO",NULL,"Plus 85w140"
"MAXIMO",NULL,"SAE 85W140"
"MERCEDES BENZ",NULL,"-"
"MERCEDES BENZ",NULL,"50/50"
"MERCEDES BENZ",NULL,"75W80"
"MERCEDES BENZ",NULL,"80W"
"MERCEDES BENZ",NULL,"80W90"
"MERCEDES BENZ",NULL,"85W90"
"MERCEDES BENZ",NULL,"ISO VG 68"
"MERCEDES BENZ",NULL,"SAE 10W40"
"MERCEDES BENZ",NULL,"SAE 15W30"
"MERCEDES BENZ",NULL,"SAE 15W40"
"MERCEDES BENZ",NULL,"SAE 50"
"MERCEDES BENZ",NULL,"SAE 75W85"
"MERCEDES BENZ",NULL,"SAE 75W90"
"MERCEDES BENZ",NULL,"SAE 80"
"MERCEDES BENZ",NULL,"SAE 80W90"
"MERCEDES BENZ",NULL,"SAE 85W140"
"MERCEDES BENZ",NULL,"SAE 90"
"Mercedes Benz do Brasil",NULL,"-"
"Mercedes Benz do Brasil",NULL,"1340"
"Mercedes Benz do Brasil",NULL,"80W"
"Mercedes Benz do Brasil",NULL,"80W90"
"Mercedes Benz do Brasil",NULL,"85W90"
"Mercedes Benz do Brasil",NULL,"Coolant"
"Mercedes Benz do Brasil",NULL,"ISO 68"
"Mercedes Benz do Brasil",NULL,"ISO VG 68"
"Mercedes Benz do Brasil",NULL,"NÃO INFORMADO"
"Mercedes Benz do Brasil",NULL,"SAE 15W40"
"Mercedes Benz do Brasil",NULL,"SAE 75W85"
"Mercedes Benz do Brasil",NULL,"SAE 75W90"
"Mercedes Benz do Brasil",NULL,"SAE 80W90"
"Mercedes Benz do Brasil",NULL,"SAE 85W140"
"Mercedes Benz do Brasil",NULL,"SAE 90"
"MERITOR",NULL,"SAE 85W140"
"MOBIL","CAT DEO","SAE 15W40"
"MOBIL","DELVAC 1300 SUPER","SAE 10W30"
"MOBIL","DELVAC 1300 SUPER","SAE 15W40"
"MOBIL","DELVAC MODERN SUPER DEFENSE V3","SAE 15W40"
"MOBIL","Diol 9 RF","SAE 20W40"
"MOBIL","DTE 10 EXCEL","ISO 32"
"MOBIL","DTE 10 EXCEL","ISO VG 15"
"MOBIL","DTE 10 EXCEL","ISO VG 150"
"MOBIL","DTE 10 EXCEL","ISO VG 32"
"MOBIL","DTE 10 EXCEL","ISO VG 46"
"MOBIL","DTE 10 EXCEL","ISO VG 68"
"MOBIL","DTE 24 ULTRA","ISO VG 32"
"MOBIL","DTE 25 ULTRA","DTE 25"
"MOBIL","DTE 25 ULTRA","ISO VG 46"
"MOBIL","DTE 26 ULTRA","DTE 26"
"MOBIL","DTE 26 ULTRA","ISO VG 68"
"MOBIL","DTE 27 ULTRA","DTE 27"
"MOBIL","DTE 732","ISO VG 32"
"MOBIL","DTE 832","ISO VG 32"
"MOBIL","DTE 846","846"
"MOBIL","DTE 846","ISO VG 46"
"MOBIL","DTE HEAVY MEDIUM","DTE Heavy Medium"
"MOBIL","DTE HEAVY MEDIUM","ISO VG 68"
"MOBIL","DTE HEAVY MEDIUM.","ISO VG 68"
"MOBIL","DTE LIGHT","Dte light"
"MOBIL","DTE LIGHT","ISO VG 32"
"MOBIL","DTE MEDIUM","ISO VG 46"
"MOBIL","DTE PM","ISO VG 220"
"MOBIL","FLEET CHARGE 50% 1400","-"
"MOBIL","Mobil","ISO VG 680"
"MOBIL","Mobil ATF","ATF DM"
"MOBIL","Mobil Aviation Grease","SHC 100"
"MOBIL","Mobil Delvac","1 ATF"
"MOBIL","Mobil Delvac","80W90"
"MOBIL","Mobil Delvac","85W90"
"MOBIL","Mobil Delvac 1 ESP","SAE 5W40"
"MOBIL","Mobil Delvac 1 LE","SAE 5W30"
"MOBIL","Mobil Delvac 1 Transmission Fluid MBT","SAE 75W90"
"MOBIL","Mobil Delvac Extemded Life","50/50"
"MOBIL","Mobil Delvac Extended Life","50/50"
"MOBIL","Mobil Delvac Extreme","SAE 15W40"
"MOBIL","Mobil Delvac F2","1340"
"MOBIL","Mobil Delvac MX","SAE 15W40"
"MOBIL","Mobil Delvac MX ESP (Evolution)","SAE 15W40"
"MOBIL","Mobil Delvac Super 1400 V2","SAE 15W40"
"MOBIL","Mobil Delvac Synthetic Transmission Fluid 50","SAE 50"
"MOBIL","Mobil Delvac XHP ESP","SAE 10W40"
"MOBIL","Mobil Delvac XHP Extra","SAE 10W40"
"MOBIL","Mobil Dexron - VI","ATF"
"MOBIL","Mobil DTE","746"
"MOBIL","Mobil DTE","768"
"MOBIL","Mobil DTE","ISO 46"
"MOBIL","Mobil DTE","ISO VG 46"
"MOBIL","Mobil DTE FM","ISO VG 32"
"MOBIL","Mobil DTE FM","ISO VG 68"
"MOBIL","Mobil EAL Arctic","ISO VG 46"
"MOBIL","Mobil EAL Arctic 220","ISO 220"
"MOBIL","MOBILFLUID 428","SAE 10W30"
"MOBIL","Mobilgard","80W90"
"MOBIL","Mobilgard","SAE 85W140"
"MOBIL","Mobilgard ADL","SAE 40"
"MOBIL","Mobil Gargoyle Artic SHC","226E"
"MOBIL","Mobilgear","600 XP 150"
"MOBIL","Mobilgear","600 XP 320"
"MOBIL","Mobilgear","600 XP 68"
"MOBIL","Mobilgear","600 XP 680"
"MOBIL","Mobilgear 600 XP","600 XP 220"
"MOBIL","Mobilgear 600 XP","ISO VG 100"
"MOBIL","Mobilgear 600 XP","ISO VG 150"
"MOBIL","Mobilgear 600 XP","ISO VG 220"
"MOBIL","Mobilgear 600 XP","ISO VG 320"
"MOBIL","Mobilgear 600 XP","ISO VG 460"
"MOBIL","Mobilgear 600 XP","ISO VG 680"
"MOBIL","MobilGear 600 XP","ISO 68"
"MOBIL","MobilGear 600 XP","ISO VG 68"
"MOBIL","Mobilgear SHC XMP","ISO 320"
"MOBIL","Mobilgear SHC XMP","ISO 460"
"MOBIL","Mobil Glygoyle","ISO 460"
"MOBIL","Mobil Glygoyle","ISO VG 68"
"MOBIL","Mobilgrease XHP 681","681"
"MOBIL","Mobil Hidraulic","AW 68 HLP"
"MOBIL","Mobil Hidraulic","SAE 10W"
"MOBIL","Mobilith SHC","ISO 220"
"MOBIL","Mobilith SHC","ISO 460"
"MOBIL","Mobilith SHC","ISO VG 100"
"MOBIL","Mobilmet","424"
"MOBIL","Mobil Pegasus 605 Ultra 40","SAE 40"
"MOBIL","Mobil Permazone 50/50 Prediluted Antifreeze","50/50"
"MOBIL","Mobil SHC","624"
"MOBIL","Mobil SHC","626"
"MOBIL","Mobil SHC","629"
"MOBIL","Mobil SHC","630"
"MOBIL","Mobil SHC","632"
"MOBIL","Mobil SHC","634"
"MOBIL","Mobil SHC","639"
"MOBIL","Mobil SHC","ISO VG 68"
"MOBIL","Mobil SHC aware H","ISO VG 68"
"MOBIL","Mobil SHC Cibus","ISO 220"
"MOBIL","Mobil SHC Cibus","ISO 460"
"MOBIL","Mobil SHC Cibus","ISO VG 150"
"MOBIL","Mobil SHC Gear","ISO 220"
"MOBIL","Mobil SHC Gear","ISO 320"
"MOBIL","Mobil SHC Gear","ISO 460"
"MOBIL","Mobil SHC Gear","ISO VG 150"
"MOBIL","Mobil SHC Grease","460 WT"
"MOBIL","Mobil SHC Rarus","ISO VG 46"
"MOBIL","Mobil SHC Rarus","ISO VG 68"
"MOBIL","Mobiltherm","ISO VG 680"
"MOBIL","Mobiltherm 605","ISO VG 32"
"MOBIL","Mobiltherm 610","-"
"MOBIL","Mobiltrans HD","HD 50"
"MOBIL","Mobilube HD LS","80W90"
"MOBIL","Mobilube LS 85W140","SAE 85W140"
"MOBIL","Mobilub HD","HD 80W90"
"MOBIL","Mobilub HD","HD 85W140"
"MOBIL","Mobilub HD","HD - A 85W90"
"MOBIL","MOBILUB HD","SAE 80W90"
"MOBIL","Mobil Vacuoline ","528"
"MOBIL","Mobil Vacuum","Pump Oil"
"MOBIL","Mobil Velocite Nº6","ISO VG 10"
"MOBIL","Nuto H","ISO VG 32"
"MOBIL","Nuto H","ISO VG 46"
"MOBIL","Nuto H","ISO VG 68"
"MOBIL","Polyrex EM","Polyrex EM"
"MOBIL","SHC gear OH","ISO VG 460"
"MOBIL","SHC gear OH","ISO VG 680"
"MOBIL","SHC Gear OH","ISO VG 320"
"MOBIL","Spartan EP","ISO 320"
"MOBIL","Spartan EP","ISO 460"
"MOBIL","Spartan EP","ISO VG 150"
"MOBIL","Spartan EP 220","ISO 220"
"MOBIL","Super Cylinder Oil","600 W"
"MOBIL","Unives","ISO VG 46"
"MOBIL","Unives","ISO VG 68"
"MOBIL","Unives","N 32"
"MOBIL","UNIVIS N","ISO VG 46"
"MOBIL",NULL,"-"
"MOBIL",NULL,"1340"
"MOBIL",NULL,"13 RF 40"
"MOBIL",NULL,"150"
"MOBIL",NULL,"16000"
"MOBIL",NULL,"1 ATF"
"MOBIL",NULL,"1 SHC"
"MOBIL",NULL,"220"
"MOBIL",NULL,"220 EP"
"MOBIL",NULL,"226E"
"MOBIL",NULL,"25000"
"MOBIL",NULL,"30W"
"MOBIL",NULL,"32"
"MOBIL",NULL,"320"
"MOBIL",NULL,"360"
"MOBIL",NULL,"40W"
"MOBIL",NULL,"41-141"
"MOBIL",NULL,"424"
"MOBIL",NULL,"428"
"MOBIL",NULL,"46"
"MOBIL",NULL,"460"
"MOBIL",NULL,"4600"
"MOBIL",NULL,"460 OH"
"MOBIL",NULL,"460 WT"
"MOBIL",NULL,"50/50"
"MOBIL",NULL,"50W"
"MOBIL",NULL,"524"
"MOBIL",NULL,"528"
"MOBIL",NULL,"5W40"
"MOBIL",NULL,"600 W"
"MOBIL",NULL,"600 XP 100"
"MOBIL",NULL,"600 XP 150"
"MOBIL",NULL,"600 XP 220"
"MOBIL",NULL,"600 XP 320"
"MOBIL",NULL,"600 xp 3200"
"MOBIL",NULL,"600 XP 460"
"MOBIL",NULL,"600 XP 68"
"MOBIL",NULL,"600 XP 680"
"MOBIL",NULL,"610"
"MOBIL",NULL,"624"
"MOBIL",NULL,"626"
"MOBIL",NULL,"627"
"MOBIL",NULL,"629"
"MOBIL",NULL,"630"
"MOBIL",NULL,"632"
"MOBIL",NULL,"634"
"MOBIL",NULL,"636"
"MOBIL",NULL,"639"
"MOBIL",NULL,"68"
"MOBIL",NULL,"680"
"MOBIL",NULL,"681"
"MOBIL",NULL,"70W"
"MOBIL",NULL,"746"
"MOBIL",NULL,"75W"
"MOBIL",NULL,"75W80"
"MOBIL",NULL,"768"
"MOBIL",NULL,"8000"
"MOBIL",NULL,"80W"
"MOBIL",NULL,"80w140"
"MOBIL",NULL,"80W85"
"MOBIL",NULL,"80W90"
"MOBIL",NULL,"85W40"
"MOBIL",NULL,"85W90"
"MOBIL",NULL,"90"
"MOBIL",NULL,"9000"
"MOBIL",NULL,"ATF"
"MOBIL",NULL,"ATF 200"
"MOBIL",NULL,"ATF 3309"
"MOBIL",NULL,"ATF DM"
"MOBIL",NULL,"ATF MD3"
"MOBIL",NULL,"AW32"
"MOBIL",NULL,"AW 68 HLP"
"MOBIL",NULL,"Collant"
"MOBIL",NULL,"Coolant"
"MOBIL",NULL,"COOL-GARD"
"MOBIL",NULL,"DOT 5.1"
"MOBIL",NULL,"DTE 24"
"MOBIL",NULL,"DTE 25"
"MOBIL",NULL,"DTE 26"
"MOBIL",NULL,"DTE 46"
"MOBIL",NULL,"DTE Heavy Medium"
"MOBIL",NULL,"EOS E2"
"MOBIL",NULL,"EP 2"
"MOBIL",NULL,"EP 22 M"
"MOBIL",NULL,"FM 101"
"MOBIL",NULL,"Glicol"
"MOBIL",NULL,"GRAU 100"
"MOBIL",NULL,"GS 333"
"MOBIL",NULL,"GX 80W90"
"MOBIL",NULL,"HD 10"
"MOBIL",NULL,"HD 30"
"MOBIL",NULL,"HD 50"
"MOBIL",NULL,"HD 85W140"
"MOBIL",NULL,"HM68"
"MOBIL",NULL,"HV46"
"MOBIL",NULL,"Hydrau"
"MOBIL",NULL,"HYGARD"
"MOBIL",NULL,"ISO 100"
"MOBIL",NULL,"ISO 220"
"MOBIL",NULL,"ISO 245"
"MOBIL",NULL,"ISO 32"
"MOBIL",NULL,"ISO 320"
"MOBIL",NULL,"ISO 3200"
"MOBIL",NULL,"ISO 360"
"MOBIL",NULL,"ISO 46"
"MOBIL",NULL,"ISO 460"
"MOBIL",NULL,"ISO 68"
"MOBIL",NULL,"ISO VG 10"
"MOBIL",NULL,"ISO VG 100"
"MOBIL",NULL,"ISO VG 1000"
"MOBIL",NULL,"ISO VG 15"
"MOBIL",NULL,"ISO VG 150"
"MOBIL",NULL,"ISO VG 1500"
"MOBIL",NULL,"ISO VG 22"
"MOBIL",NULL,"ISO VG 220"
"MOBIL",NULL,"ISO VG 25"
"MOBIL",NULL,"ISO VG 26"
"MOBIL",NULL,"ISO VG 27"
"MOBIL",NULL,"ISO VG 32"
"MOBIL",NULL,"ISO VG 320"
"MOBIL",NULL,"ISO VG 45"
"MOBIL",NULL,"ISO VG 46"
"MOBIL",NULL,"ISO VG 460"
"MOBIL",NULL,"ISO VG 68"
"MOBIL",NULL,"ISO VG 680"
"MOBIL",NULL,"ISO VG 68 (duplicado)"
"MOBIL",NULL,"M 420"
"MOBIL",NULL,"M430"
"MOBIL",NULL,"mobil"
"MOBIL",NULL,"N 32"
"MOBIL",NULL,"NA"
"MOBIL",NULL,"NÃO INFORMADO"
"MOBIL",NULL,"NGLI 1-2"
"MOBIL",NULL,"NLGI 1"
"MOBIL",NULL,"NLGI 1-2"
"MOBIL",NULL,"NLGI 2"
"MOBIL",NULL,"PLUS 50 II"
"MOBIL",NULL,"Plus 85w140"
"MOBIL",NULL,"PM 220"
"MOBIL",NULL,"Polyrex EM"
"MOBIL",NULL,"S10"
"MOBIL",NULL,"S500"
"MOBIL",NULL,"S 80W90"
"MOBIL",NULL,"SAE 0W20"
"MOBIL",NULL,"SAE 0W40"
"MOBIL",NULL,"SAE 0W50"
"MOBIL",NULL,"SAE 10W"
"MOBIL",NULL,"SAE 10W30"
"MOBIL",NULL,"SAE 10W40"
"MOBIL",NULL,"SAE 140"
"MOBIL",NULL,"SAE 140."
"MOBIL",NULL,"SAE 15W30"
"MOBIL",NULL,"SAE 15W40"
"MOBIL",NULL,"SAE 15W50"
"MOBIL",NULL,"SAE 20W30"
"MOBIL",NULL,"SAE 20W40"
"MOBIL",NULL,"SAE 20W50"
"MOBIL",NULL,"SAE 30"
"MOBIL",NULL,"SAE 40"
"MOBIL",NULL,"SAE 46"
"MOBIL",NULL,"SAE 50"
"MOBIL",NULL,"SAE 5W30"
"MOBIL",NULL,"SAE 5W40"
"MOBIL",NULL,"SAE 75W80"
"MOBIL",NULL,"SAE 75W85"
"MOBIL",NULL,"SAE 75W90"
"MOBIL",NULL,"SAE 80"
"MOBIL",NULL,"SAE 80W140"
"MOBIL",NULL,"SAE 80W90"
"MOBIL",NULL,"SAE 85W140"
"MOBIL",NULL,"SAE 90"
"MOBIL",NULL,"SHC 100"
"MOBIL",NULL,"SHC 32"
"MOBIL",NULL,"TELLUS 46"
"MOBIL",NULL,"TELLUS 68"
"MOBIL",NULL,"TEXAMATIC B"
"MOBIL",NULL,"TO-30"
"MOBIL",NULL,"TURBINA R 68"
"MOBIL",NULL,"Ultra 40"
"MOBIL",NULL,"WB102"
"MOBIL",NULL,"XHP 222"
"MOBIL",NULL,"XHP 462"
"MOBIL",NULL,"ZH46"
"Mobil (inativo)","Mobilube HD 85W140","SAE 85W140"
"MOBILUBE",NULL,"-"
"MOBILUBE",NULL,"80W"
"MOBILUBE",NULL,"80W90"
"MOBILUBE",NULL,"85W90"
"MOBILUBE",NULL,"GX 80W90"
"MOBILUBE",NULL,"HD 30"
"MOBILUBE",NULL,"HD 85W140"
"MOBILUBE",NULL,"Plus 85w140"
"MOBILUBE",NULL,"SAE 10W30"
"MOBILUBE",NULL,"SAE 10W40"
"MOBILUBE",NULL,"SAE 15W40"
"MOBILUBE",NULL,"SAE 75W90"
"MOBILUBE",NULL,"SAE 80"
"MOBILUBE",NULL,"SAE 80W90"
"MOBILUBE",NULL,"SAE 85W140"
"Molybras",NULL,"-"
"Molybras",NULL,"220"
"Molybras",NULL,"ISO 220"
"Molybras",NULL,"ISO 320"
"Molybras",NULL,"ISO VG 220"
"Molybras",NULL,"ISO VG 320"
"MOLYGRAFIT",NULL,"ISO 320"
"MOLYGRAFIT",NULL,"ISO VG 220"
"MOLYGRAFIT",NULL,"ISO VG 320"
"MONTREAL",NULL,"SAE 10W30"
"MONTREAL",NULL,"SAE 15W40"
"MONTREAL",NULL,"SAE 85W140"
"MOPAR",NULL,"-"
"MOPAR",NULL,"1 ATF"
"MOPAR",NULL,"ATF"
"MOPAR",NULL,"SAE 5W30"
"MOPAR",NULL,"SAE 75W90"
"Motofix",NULL,"-"
"Motofix",NULL,"ISO 68"
"Motofix",NULL,"ISO VG 68"
"Motofix",NULL,"SAE 10W30"
"Motofix",NULL,"SAE 10W40"
"Motofix",NULL,"SAE 15W40"
"Motofix",NULL,"SAE 20W30"
"Motofix",NULL,"SAE 5W30"
"Motofix",NULL,"SAE 85W140"
"Motorcraft",NULL,"5W20"
"Motorcraft",NULL,"SAE 15W40"
"Motorcraft",NULL,"SAE 5W30"
"Motorcraft",NULL,"SAE 75W90"
"Motorcraft",NULL,"SAE 80W90"
"MOTUL","300V FACTORY LINE ROAD 4T","SAE 10W40"
"MOTUL",NULL,"-"
"MOTUL",NULL,"5W20"
"MOTUL",NULL,"5W40"
"MOTUL",NULL,"68"
"MOTUL",NULL,"75W"
"MOTUL",NULL,"80W90"
"MOTUL",NULL,"ATF"
"MOTUL",NULL,"ISO VG 460"
"MOTUL",NULL,"SAE 0W20"
"MOTUL",NULL,"SAE 10W30"
"MOTUL",NULL,"SAE 10W40"
"MOTUL",NULL,"SAE 10W50"
"MOTUL",NULL,"SAE 10W60"
"MOTUL",NULL,"SAE 15W40"
"MOTUL",NULL,"SAE 15W50"
"MOTUL",NULL,"SAE 20W50"
"MOTUL",NULL,"SAE 20W60"
"MOTUL",NULL,"SAE 40"
"MOTUL",NULL,"SAE 5W30"
"MOTUL",NULL,"SAE 85W140"
"MTU",NULL,"-"
"MTU",NULL,"AT102"
"MTU",NULL,"Coolant"
"MTU",NULL,"NÃO INFORMADO"
"MTU",NULL,"SAE 10W30"
"MTU",NULL,"SAE 15W40"
"MULTI MAK TURBO",NULL,"NÃO INFORMADO"
"MULT LUB",NULL,"68"
"MULT LUB",NULL,"ATF"
"MULT LUB",NULL,"HYGARD"
"MULT LUB",NULL,"SAE 10W30"
"Mycold Sintético",NULL,"68"
"Mycold Sintético",NULL,"ISO 68"
"Mycold Sintético",NULL,"ISO VG 320"
"Mycold Sintético",NULL,"ISO VG 68"
"NARDI",NULL,"ISO VG 46"
"NCH","Spectra Xtreme","SAE 15W40"
"NCH",NULL,"-"
"NCH",NULL,"80W90"
"NCH",NULL,"ISO 220"
"NCH",NULL,"ISO VG 320"
"NCH",NULL,"ISO VG 46"
"NCH",NULL,"NLGI 2"
"NCH",NULL,"SAE 10W30"
"NCH",NULL,"SAE 15W40"
"NCH",NULL,"SAE 85W140"
"New Holland",NULL,"-"
"New Holland",NULL,"50/50"
"New Holland",NULL,"68"
"New Holland",NULL,"80w140"
"New Holland",NULL,"85W90"
"New Holland",NULL,"Coolant"
"New Holland",NULL,"COOL-GARD"
"New Holland",NULL,"HD - A 85W90"
"New Holland",NULL,"HYGARD"
"New Holland",NULL,"ISO VG 46"
"New Holland",NULL,"ISO VG 68"
"New Holland",NULL,"ISO VG 68 (duplicado)"
"New Holland",NULL,"MASTERTRAN"
"New Holland",NULL,"mobil"
"New Holland",NULL,"NÃO INFORMADO"
"New Holland",NULL,"Óleo Diesel"
"New Holland",NULL,"S10"
"New Holland",NULL,"S500"
"New Holland",NULL,"SAE 10W30"
"New Holland",NULL,"SAE 15W30"
"New Holland",NULL,"SAE 15W40"
"New Holland",NULL,"SAE 20W40"
"New Holland",NULL,"SAE 85W140"
"Newlub",NULL,"SAE 10W"
"Newlub",NULL,"SAE 10W30"
"Newlub",NULL,"SAE 15W40"
"NIPPON",NULL,"68"
"Nippon Bonnoc",NULL,"-"
"Nippon Bonnoc",NULL,"220"
"Nippon Bonnoc",NULL,"68"
"Nippon Bonnoc",NULL,"NÃO INFORMADO"
"No Informado",NULL,"-"
"No Informado",NULL,"220"
"No Informado",NULL,"68"
"No Informado",NULL,"80W90"
"No Informado",NULL,"85W40"
"No Informado",NULL,"85W90"
"No Informado",NULL,"Coolant"
"No Informado",NULL,"DTO4"
"No Informado",NULL,"HD 85W140"
"No Informado",NULL,"HYGARD"
"No Informado",NULL,"ISO 46"
"No Informado",NULL,"ISO VG 46"
"No Informado",NULL,"ISO VG 460"
"No Informado",NULL,"ISO VG 68"
"No Informado",NULL,"NÃO INFORMADO"
"No Informado",NULL,"No Informado"
"No Informado",NULL,"Óleo Diesel"
"No Informado",NULL,"S10"
"No Informado",NULL,"S500"
"No Informado",NULL,"SAE 10W"
"No Informado",NULL,"SAE 10W30"
"No Informado",NULL,"SAE 15W30"
"No Informado",NULL,"SAE 15W40"
"No Informado",NULL,"SAE 30W"
"No Informado",NULL,"SAE 50"
"No Informado",NULL,"SAE 5W30"
"No Informado",NULL,"SAE 85W140"
"No Informado",NULL,"SHC 100"
"NYCO",NULL,"SAE 60"
"OIL-ALL XTREME",NULL,"-"
"OIL-ALL XTREME",NULL,"SAE 15W40"
"ORLEN",NULL,"ISO VG 32"
"PACCAR PARTS",NULL,"SAE 15W40"
"PAKELO",NULL,"80w140"
"PAKELO",NULL,"SAE 10W30"
"PAKELO",NULL,"SAE 15W40"
"PAKELO",NULL,"SAE 80W140"
"PANOLIN",NULL,"ISO VG 68"
"Panther",NULL,"80W95"
"Panther",NULL,"ISO 100"
"Panther",NULL,"ISO VG 150"
"Panther",NULL,"ISO VG 68"
"Panther",NULL,"NÃO INFORMADO"
"Panther",NULL,"SAE 10W30"
"Panther",NULL,"SAE 10W40"
"Panther",NULL,"SAE 15W40"
"Panther",NULL,"SAE 20"
"Panther",NULL,"SAE 30"
"Panther",NULL,"SAE 80W140"
"PARAFLU",NULL,"-"
"PARAFLU",NULL,"50/50"
"PARAFLU",NULL,"68"
"PARAFLU",NULL,"Collant"
"PARAFLU",NULL,"Coolant"
"PARAFLU",NULL,"Fluid DOT4"
"PARAFLU",NULL,"Fluide XLD FE"
"PARAFLU",NULL,"Glicol"
"PARAFLU",NULL,"ISO VG 1000"
"PARAFLU",NULL,"NA"
"PARAFLU",NULL,"NÃO INFORMADO"
"PARAFLU",NULL,"No Informado"
"PARAFLU",NULL,"SAE 0W16"
"PARAFLU",NULL,"SAE 30"
"PARAFLU",NULL,"SAE 5W30"
" Paratherm",NULL,"-"
" Paratherm",NULL,"ISO VG 32"
"PARINTINS",NULL,"80W85"
"PARINTINS",NULL,"SAE 10W30"
"PARINTINS",NULL,"SAE 10W40"
"PARINTINS",NULL,"SAE 50"
"PARINTINS",NULL,"SAE 85W140"
"PEAK",NULL,"SAE 10W30"
"PETBOW",NULL,"SAE 10W40"
"Petrobahia",NULL,"-"
"Petrobahia",NULL,"80W"
"Petrobahia",NULL,"DTE 27"
"Petrobahia",NULL,"ISO 68"
"Petrobahia",NULL,"ISO VG 68"
"Petrobahia",NULL,"Óleo Diesel"
"Petrobahia",NULL,"S10"
"Petrobahia",NULL,"S500"
"Petrobahia",NULL,"SAE 15W40"
"Petrobahia",NULL,"SAE 20W30"
"Petrobahia",NULL,"SAE 85W140"
"PETROBRAS","BIODIESEL B100","-"
"PETROBRAS","LUBRAX AVANTE","SAE 10W40"
"PETROBRAS","LUBRAX COMPSOR RF","ISO VG 68"
"PETROBRAS","LUBRAX COMPSOR XP","ISO VG 68"
"PETROBRAS","LUBRAX ESSENCIAL SL","SAE 15W40"
"PETROBRAS","LUBRAX ESSENCIAL SM","SAE 10W30"
"PETROBRAS","LUBRAX EXTRA TURBO","SAE 15W40"
"PETROBRAS","LUBRAX EXTRA TURBO CH4","SAE 15W40"
"PETROBRAS","LUBRAX EXTREMO","SAE 5W30"
"PETROBRAS","LUBRAX EXTREMO HD","SAE 5W30"
"PETROBRAS","LUBRAX GAS LA","SAE 40"
"PETROBRAS","LUBRAX GAS LA PRO","SAE 40"
"PETROBRAS","LUBRAX GAS MA","SAE 40"
"PETROBRAS","LUBRAX GEAR","ISO 220"
"PETROBRAS","LUBRAX GEAR","ISO 320"
"PETROBRAS","LUBRAX GEAR","ISO 460"
"PETROBRAS","LUBRAX GEAR","ISO VG 150"
"PETROBRAS","LUBRAX GEAR","ISO VG 46"
"PETROBRAS","LUBRAX GEAR","ISO VG 68"
"PETROBRAS","LUBRAX GEAR","ISO VG 680"
"PETROBRAS","LUBRAX GEAR PAO","ISO 220"
"PETROBRAS","LUBRAX GEAR PAO","ISO 320"
"PETROBRAS","LUBRAX GL 5","80W90"
"PETROBRAS","LUBRAX GL 5","SAE 85W140"
"PETROBRAS","LUBRAX GL5 LS","80W90"
"PETROBRAS","LUBRAX GOLD","SAE 75W90"
"PETROBRAS","LUBRAX GOLD ST","SAE 75W90"
"PETROBRAS","LUBRAX GOLD XP","75W80"
"PETROBRAS","LUBRAX GRANS HR","SAE 10W"
"PETROBRAS","LUBRAX GRANS TAC 3","SAE 30"
"PETROBRAS","LUBRAX GRANS TAC 4","SAE 10W"
"PETROBRAS","LUBRAX GRANS TAC 4","SAE 30"
"PETROBRAS","LUBRAX GRANS TAC 4","SAE 50"
"PETROBRAS","LUBRAX GRANS TAC 4","SAE 60"
"PETROBRAS","LUBRAX HYDRA","ISO VG 100"
"PETROBRAS","LUBRAX HYDRA","ISO VG 32"
"PETROBRAS","LUBRAX HYDRA","ISO VG 46"
"PETROBRAS","LUBRAX HYDRA","ISO VG 68"
"PETROBRAS","LUBRAX HYDRA HV","ISO VG 15"
"PETROBRAS","LUBRAX HYDRA HV","ISO VG 32"
"PETROBRAS","LUBRAX HYDRA HV","ISO VG 46"
"PETROBRAS","LUBRAX HYDRA HV","ISO VG 68"
"PETROBRAS","LUBRAX HYDRA XP","ISO VG 150"
"PETROBRAS","LUBRAX HYDRA XP","ISO VG 22"
"PETROBRAS","LUBRAX HYDRA XP","ISO VG 32"
"PETROBRAS","LUBRAX HYDRA XP","ISO VG 46"
"PETROBRAS","LUBRAX HYDRA XP","ISO VG 68"
"PETROBRAS","LUBRAX TOP TURBO","SAE 15W40"
"PETROBRAS","LUBRAX TOP TURBO PRO","SAE 15W40"
"PETROBRAS","LUBRAX TRM 235.12","SAE 80"
"PETROBRAS","LUBRAX TRM 235.12","SAE 90"
"PETROBRAS","LUBRAX TRM-5","SAE 85W140"
"PETROBRAS","LUBRAX TRM-5","SAE 90"
"PETROBRAS","LUBRAX TRM-5 HD","SAE 40"
"PETROBRAS","LUBRAX TURBINA","ISO VG 46"
"PETROBRAS","LUBRAX TURBINA","ISO VG 68"
"PETROBRAS","LUBRAX TURBINA EP","ISO VG 32"
"PETROBRAS","LUBRAX TURBINA EP","ISO VG 46"
"PETROBRAS","LUBRAX TURBINA EP","ISO VG 68"
"PETROBRAS","LUBRAX TURBINA PLUS","GRAU 86"
"PETROBRAS","LUBRAX TURBINA PLUS","ISO VG 150"
"PETROBRAS","LUBRAX TURBINA X","ISO VG 32"
"PETROBRAS","LUBRAX TURBO ME","SAE 50"
"PETROBRAS","LUBRAX UNITRACTOR","SAE 10W30"
"PETROBRAS","LUBRAX UTILE FPX","ISO VG 68"
"PETROBRAS","MARBRAX CAD 308","SAE 30"
"PETROBRAS","MARBRAX CCD 410","SAE 40"
"PETROBRAS","MARBRAX CCD 415","SAE 40"
"PETROBRAS",NULL,"-"
"PETROBRAS",NULL,"0,5"
"PETROBRAS",NULL,"1005"
"PETROBRAS",NULL,"10w50"
"PETROBRAS",NULL,"10W (inactive)"
"PETROBRAS",NULL,"2000"
"PETROBRAS",NULL,"20W20"
"PETROBRAS",NULL,"220"
"PETROBRAS",NULL,"220 EP"
"PETROBRAS",NULL,"26"
"PETROBRAS",NULL,"275 NC"
"PETROBRAS",NULL,"30W"
"PETROBRAS",NULL,"32"
"PETROBRAS",NULL,"320"
"PETROBRAS",NULL,"32 POE"
"PETROBRAS",NULL,"40 (INATIVO)"
"PETROBRAS",NULL,"460"
"PETROBRAS",NULL,"4600"
"PETROBRAS",NULL,"500"
"PETROBRAS",NULL,"50/50"
"PETROBRAS",NULL,"550"
"PETROBRAS",NULL,"5W40"
"PETROBRAS",NULL,"600 XP 100"
"PETROBRAS",NULL,"600 XP 68"
"PETROBRAS",NULL,"668"
"PETROBRAS",NULL,"68"
"PETROBRAS",NULL,"680"
"PETROBRAS",NULL,"75W80"
"PETROBRAS",NULL,"80W"
"PETROBRAS",NULL,"80w140"
"PETROBRAS",NULL,"80W90"
"PETROBRAS",NULL,"85W40"
"PETROBRAS",NULL,"85W90"
"PETROBRAS",NULL,"AC-1"
"PETROBRAS",NULL,"AC 10"
"PETROBRAS",NULL,"ACTIFULL OT"
"PETROBRAS",NULL,"AT102"
"PETROBRAS",NULL,"ATF"
"PETROBRAS",NULL,"AW 68 HLP"
"PETROBRAS",NULL,"Biodiesel B100"
"PETROBRAS",NULL,"Collant"
"PETROBRAS",NULL,"Coolant"
"PETROBRAS",NULL,"COOL-GARD"
"PETROBRAS",NULL,"DTE 27"
"PETROBRAS",NULL,"EP 2"
"PETROBRAS",NULL,"Glicol"
"PETROBRAS",NULL,"GRAU 440"
"PETROBRAS",NULL,"HD 50"
"PETROBRAS",NULL,"HD 85W140"
"PETROBRAS",NULL,"HIDROBAK HV 68"
"PETROBRAS",NULL,"HM68"
"PETROBRAS",NULL,"HV100"
"PETROBRAS",NULL,"HYGARD"
"PETROBRAS",NULL,"HY-TRAN"
"PETROBRAS",NULL,"ISO 100"
"PETROBRAS",NULL,"ISO 2"
"PETROBRAS",NULL,"ISO 220"
"PETROBRAS",NULL,"ISO 32"
"PETROBRAS",NULL,"ISO 320"
"PETROBRAS",NULL,"ISO 3200"
"PETROBRAS",NULL,"ISO 46"
"PETROBRAS",NULL,"ISO 460"
"PETROBRAS",NULL,"ISO 68"
"PETROBRAS",NULL,"ISO VG 10"
"PETROBRAS",NULL,"ISO VG 100"
"PETROBRAS",NULL,"ISO VG 150"
"PETROBRAS",NULL,"ISO VG 1500"
"PETROBRAS",NULL,"ISO VG 220"
"PETROBRAS",NULL,"ISO VG 32"
"PETROBRAS",NULL,"ISO VG 320"
"PETROBRAS",NULL,"ISO VG 46"
"PETROBRAS",NULL,"ISO VG 460"
"PETROBRAS",NULL,"ISO VG 68"
"PETROBRAS",NULL,"ISO VG 680"
"PETROBRAS",NULL,"ISO VG 7"
"PETROBRAS",NULL,"NA"
"PETROBRAS",NULL,"NÃO INFORMADO"
"PETROBRAS",NULL,"NGLI 2"
"PETROBRAS",NULL,"No Informado"
"PETROBRAS",NULL,"Oil H"
"PETROBRAS",NULL,"Óleo Diesel"
"PETROBRAS",NULL,"OMALA 150"
"PETROBRAS",NULL,"OMALA 220"
"PETROBRAS",NULL,"Plus 50"
"PETROBRAS",NULL,"PLUS 50 II"
"PETROBRAS",NULL,"ROTO Z"
"PETROBRAS",NULL,"S10"
"PETROBRAS",NULL,"S500"
"PETROBRAS",NULL,"SAE 0W16"
"PETROBRAS",NULL,"SAE 0W50"
"PETROBRAS",NULL,"SAE 10W"
"PETROBRAS",NULL,"SAE 10W30"
"PETROBRAS",NULL,"SAE 10W40"
"PETROBRAS",NULL,"SAE 10W50"
"PETROBRAS",NULL,"SAE 140"
"PETROBRAS",NULL,"SAE 15W30"
"PETROBRAS",NULL,"SAE 15W40"
"PETROBRAS",NULL,"SAE 15W60"
"PETROBRAS",NULL,"SAE 20W30"
"PETROBRAS",NULL,"SAE 20W50"
"PETROBRAS",NULL,"SAE 30"
"PETROBRAS",NULL,"SAE 40"
"PETROBRAS",NULL,"SAE 46"
"PETROBRAS",NULL,"SAE 50"
"PETROBRAS",NULL,"SAE 5W30"
"PETROBRAS",NULL,"SAE 60"
"PETROBRAS",NULL,"SAE 75W90"
"PETROBRAS",NULL,"SAE 80"
"PETROBRAS",NULL,"SAE 80W140"
"PETROBRAS",NULL,"SAE 80W90"
"PETROBRAS",NULL,"SAE 85W140"
"PETROBRAS",NULL,"SAE 90"
"PETROBRAS",NULL,"Techtrol"
"PETROBRAS",NULL,"TORQ GARD"
"PETROBRAS",NULL,"UTTO FLUID"
"PETRO CANADA",NULL,"ACTIFULL OT"
"PETRO CANADA",NULL,"ISO VG 46"
"PETRO-CANADA",NULL,"ISO VG 68"
"PETROFER",NULL,"HD 85W140"
"PETROFER",NULL,"SAE 40"
"PETROFER",NULL,"Torilis 6200"
"PETROL",NULL,"68"
"PETROL",NULL,"80W90"
"PETROL",NULL,"ISO VG 32"
"PETROL",NULL,"ISO VG 68"
"PETROL",NULL,"SAE 15W40"
"PETROL",NULL,"SAE 85W140"
"PETROMIN",NULL,"SAE 10W30"
"PETROMIN",NULL,"SAE 15W40"
"PETROMIN",NULL,"SAE 90"
"PETRONAS","Akcela ENG OIL CF4","SAE 15W40"
"PETRONAS","Akcela ENG OIL Steyrc IH","SAE 15W40"
"PETRONAS","Akcela Hytran ULTRA","SAE 10W30"
"PETRONAS","Akcela N1 ENG OIL","SAE 15W40"
"PETRONAS","Akcela N1 ENG OIL CI4","SAE 10W30"
"PETRONAS","Akcela N1 E.O Steyrc IH CI4","SAE 15W40"
"PETRONAS","Akcela Transaxle FLUID","SAE 20W40"
"PETRONAS","Akcela Unitek CJ4","SAE 10W40"
"PETRONAS","Akcela Unitek Plus CK4","SAE 10W40"
"PETRONAS","Akros Multi 10W30","SAE 10W30"
"PETRONAS","Akros Turbo CI4","SAE 15W40"
"PETRONAS","Aktual D140","SAE 85W140"
"PETRONAS","Ambra AXF","80W90"
"PETRONAS","Ambra Hydrosystem 68HV","ISO VG 68"
"PETRONAS","Ambra Hypoide 90","SAE 90"
"PETRONAS","Ambra Hypoid LS","80W90"
"PETRONAS","Ambra Mastergold HSP EO CI4","SAE 15W40"
"PETRONAS","Ambra Multi G","SAE 10W30"
"PETRONAS","Ambra Super Gold CF4","SAE 10W30"
"PETRONAS","Ambra Super Gold CF4 15W40","SAE 15W40"
"PETRONAS","Ambra TRX 80W140","SAE 80W140"
"PETRONAS","Ambra Unitek Plus CK4","SAE 10W40"
"PETRONAS","Arbor Hydraulic 32","ISO VG 32"
"PETRONAS","Arbor Hydraulic 68","ISO VG 68"
"PETRONAS","Arbor MTF","SAE 10W30"
"PETRONAS","ARBOR MTF BF (SEMI-SINTÉTICO)","SAE 10W30"
"PETRONAS","Arbor MTF Special","SAE 10W30"
"PETRONAS","Arbor TRW 140","SAE 85W140"
"PETRONAS","Arbor TRW 90","80W90"
"PETRONAS","Arbor Universal 10W30","SAE 10W30"
"PETRONAS","Arx ATF Dexron III","ATF"
"PETRONAS","Baku R460 EP","ISO 460"
"PETRONAS","Baku R 68 EP","ISO VG 68"
"PETRONAS","B Ultra Engine Power CK4 15W40","SAE 15W40"
"PETRONAS","Compressor A M4 46","ISO VG 46"
"PETRONAS","Compressor A Syn. PAO 46","ISO VG 46"
"PETRONAS","Compressor R Syn. PAO 46","ISO VG 46"
"PETRONAS","Engine Oil CI4","SAE 15W40"
"PETRONAS","Gear MEP 320","ISO 320"
"PETRONAS","Gear MEP 460","ISO 460"
"PETRONAS","Gear MEP 68","ISO VG 68"
"PETRONAS","Gear Oil API GL5","SAE 85W140"
"PETRONAS","Gear SYN 220","ISO 220"
"PETRONAS","Gear Syn PAO 220","ISO 220"
"PETRONAS","Gear Syn PAO 460","ISO 460"
"PETRONAS","Gear Syn PAO 680","ISO VG 680"
"PETRONAS","Hidrobak 68","ISO VG 68"
"PETRONAS","HTO 32","ISO VG 32"
"PETRONAS","Hydraulic 32","ISO VG 32"
"PETRONAS","Hydraulic 46","ISO VG 46"
"PETRONAS","Hydraulic 68","ISO VG 68"
"PETRONAS","Hydraulic HFC","ISO 46"
"PETRONAS","Hydraulic HFC","ISO VG 46"
"PETRONAS","Hydraulic HV 68","ISO VG 68"
"PETRONAS","Hydrocer 46","ISO VG 46"
"PETRONAS","Hydrocer 68","ISO VG 68"
"PETRONAS","Jenteram G 68","ISO VG 68"
"PETRONAS","MM Exel TRF 307","SAE 85W140"
"PETRONAS","Selenia Performer SL","SAE 5W30"
"PETRONAS","Syntium 3000 FR SN","SAE 5W30"
"PETRONAS","Transmissão","SAE 75W90"
"PETRONAS","TUTELA 300 EP","SAE 85W140"
"PETRONAS","TUTELA 300 EP 80W90","80W90"
"PETRONAS","Tutela ATF","ATF"
"PETRONAS","Tutela ATF 700 HD","ATF"
"PETRONAS","Tutela ATF D3","ATF"
"PETRONAS","Tutela AXF","80W90"
"PETRONAS","Tutela CAR ZC Synth","75W80"
"PETRONAS","Tutela Cross","SAE 75W85"
"PETRONAS","Tutela Gearsynth LL","SAE 75W90"
"PETRONAS","Tutela Geartech","SAE 75W85"
"PETRONAS","TUTELA GI-M 10W - ATF","SAE 10W"
"PETRONAS","Tutela GI/V","ATF"
"PETRONAS","Tutela GL4","SAE 85W140"
"PETRONAS","Tutela Hidrobak","HV100"
"PETRONAS","Tutela Hydraulic 68","ISO VG 68"
"PETRONAS","Tutela Hydrosystem 46","ISO VG 46"
"PETRONAS","Tutela Hydrosystem 46 AW","ISO VG 46"
"PETRONAS","Tutela Hydrosystem 68","ISO VG 68"
"PETRONAS","Tutela Hydrosystem 68 HV","ISO VG 68"
"PETRONAS","Tutela Hypoide EP","SAE 85W140"
"PETRONAS","TUTELA LC 1","-"
"PETRONAS","Tutela MTF 300","80W90"
"PETRONAS","Tutela Mult MTF 700","75W80"
"PETRONAS","Tutela Stargear 80W","SAE 80"
"PETRONAS","Tutela Stargear AX","85W90"
"PETRONAS","Tutela Transaxle fluid","SAE 80W140"
"PETRONAS","TUTELA TRANS FD AXLE SAE 60","SAE 60"
"PETRONAS","Tutela Trans TO-4","SAE 30"
"PETRONAS","Tutela TRANS TO4","SAE 10W"
"PETRONAS","TUTELA TRANS TO4","SAE 50"
"PETRONAS","Tutela TRD Mult","SAE 85W140"
"PETRONAS","TUTELA TRD MULT.","80W90"
"PETRONAS","TUTELA TRD MULT.","SAE 80W90"
"PETRONAS","Tutela TRF","SAE 50"
"PETRONAS","Tutela W 140 MDA","SAE 85W140"
"PETRONAS","Tutela W 90 MDA","80W90"
"PETRONAS","Urania 1000","SAE 15W40"
"PETRONAS","Urania 100K CF","SAE 10W40"
"PETRONAS","Urania 3000 CI4","SAE 15W40"
"PETRONAS","Urania 3000 E CF","SAE 5W30"
"PETRONAS","Urania 3000 E CI4","SAE 15W40"
"PETRONAS","Urania 3000E CI4+","SAE 15W40"
"PETRONAS","Urania 3000 LS","SAE 10W30"
"PETRONAS","Urania 3000 LS","SAE 15W40"
"PETRONAS","Urania 3000 LS CK4","SAE 15W40"
"PETRONAS","Urania 3000 SE","SAE 15W40"
"PETRONAS","URANIA 5000","SAE 10W40"
"PETRONAS","Urania 5000 ECO","5W20"
"PETRONAS","Urania 5000 F","SAE 5W30"
"PETRONAS","Urania 5000 F CF","SAE 10W30"
"PETRONAS","Urania 5000 LCV DMH","SAE 10W40"
"PETRONAS","Urania 5000 LS CK4","SAE 10W40"
"PETRONAS","Urania 5000 LSE CI4","SAE 10W40"
"PETRONAS","URANIA 5000 SE","SAE 10W40"
"PETRONAS","Urania CF4","SAE 15W40"
"PETRONAS","Urania K","SAE 10W40"
"PETRONAS","URANIA PLUS 40","SAE 40"
"PETRONAS","UTTO","SAE 10W30"
"PETRONAS",NULL,"-"
"PETRONAS",NULL,"10w50"
"PETRONAS",NULL,"10W (inactive)"
"PETRONAS",NULL,"1 ATF"
"PETRONAS",NULL,"220"
"PETRONAS",NULL,"220 EP"
"PETRONAS",NULL,"30"
"PETRONAS",NULL,"3000"
"PETRONAS",NULL,"30W"
"PETRONAS",NULL,"320"
"PETRONAS",NULL,"40 (INATIVO)"
"PETRONAS",NULL,"40W"
"PETRONAS",NULL,"46"
"PETRONAS",NULL,"4600"
"PETRONAS",NULL,"500"
"PETRONAS",NULL,"50/50"
"PETRONAS",NULL,"50W"
"PETRONAS",NULL,"550"
"PETRONAS",NULL,"5W20"
"PETRONAS",NULL,"5W40"
"PETRONAS",NULL,"600 XP 150"
"PETRONAS",NULL,"600 XP 460"
"PETRONAS",NULL,"668"
"PETRONAS",NULL,"68"
"PETRONAS",NULL,"680"
"PETRONAS",NULL,"75W"
"PETRONAS",NULL,"75w140"
"PETRONAS",NULL,"75W80"
"PETRONAS",NULL,"80W"
"PETRONAS",NULL,"80W110"
"PETRONAS",NULL,"80w140"
"PETRONAS",NULL,"80W85"
"PETRONAS",NULL,"80W90"
"PETRONAS",NULL,"85W40"
"PETRONAS",NULL,"85W90"
"PETRONAS",NULL,"90"
"PETRONAS",NULL,"A295"
"PETRONAS",NULL,"ACTIFULL OT"
"PETRONAS",NULL,"Allison"
"PETRONAS",NULL,"AT102"
"PETRONAS",NULL,"ATF"
"PETRONAS",NULL,"ATF 102"
"PETRONAS",NULL,"ATF 200"
"PETRONAS",NULL,"ATF MD3"
"PETRONAS",NULL,"AW-101"
"PETRONAS",NULL,"AW32"
"PETRONAS",NULL,"AW 68 HLP"
"PETRONAS",NULL,"BP 46"
"PETRONAS",NULL,"Collant"
"PETRONAS",NULL,"Coolant"
"PETRONAS",NULL,"COOL-GARD"
"PETRONAS",NULL,"Cortis SHT 200"
"PETRONAS",NULL,"DTE 27"
"PETRONAS",NULL,"Fluid DOT4"
"PETRONAS",NULL,"Fluide DA"
"PETRONAS",NULL,"Fluide XLD FE"
"PETRONAS",NULL,"Glicol"
"PETRONAS",NULL,"HD 30"
"PETRONAS",NULL,"HD 50"
"PETRONAS",NULL,"HD 85W140"
"PETRONAS",NULL,"HD - A 85W90"
"PETRONAS",NULL,"HIDROBAK HV 68"
"PETRONAS",NULL,"HM68"
"PETRONAS",NULL,"HO-46"
"PETRONAS",NULL,"HV100"
"PETRONAS",NULL,"HV46"
"PETRONAS",NULL,"HYGARD"
"PETRONAS",NULL,"HY-TRAN"
"PETRONAS",NULL,"ISO 100"
"PETRONAS",NULL,"ISO 220"
"PETRONAS",NULL,"ISO 32"
"PETRONAS",NULL,"ISO 320"
"PETRONAS",NULL,"ISO 46"
"PETRONAS",NULL,"ISO 460"
"PETRONAS",NULL,"ISO 68"
"PETRONAS",NULL,"ISO VG 100"
"PETRONAS",NULL,"ISO VG 150"
"PETRONAS",NULL,"ISO VG 220"
"PETRONAS",NULL,"ISO VG 32"
"PETRONAS",NULL,"ISO VG 320"
"PETRONAS",NULL,"ISO VG 45"
"PETRONAS",NULL,"ISO VG 46"
"PETRONAS",NULL,"ISO VG 460"
"PETRONAS",NULL,"ISO VG 629"
"PETRONAS",NULL,"ISO VG 68"
"PETRONAS",NULL,"ISO VG 680"
"PETRONAS",NULL,"ISO VG 68 (duplicado)"
"PETRONAS",NULL,"LHM Plus"
"PETRONAS",NULL,"NÃO INFORMADO"
"PETRONAS",NULL,"NLGI 2"
"PETRONAS",NULL,"No Informado"
"PETRONAS",NULL,"Óleo Diesel"
"PETRONAS",NULL,"Plus 50"
"PETRONAS",NULL,"PLUS 50 II"
"PETRONAS",NULL,"Plus 85w140"
"PETRONAS",NULL,"S10"
"PETRONAS",NULL,"S500"
"PETRONAS",NULL,"S 80W90"
"PETRONAS",NULL,"SAE 0W20"
"PETRONAS",NULL,"SAE 0W30"
"PETRONAS",NULL,"SAE 0W40"
"PETRONAS",NULL,"SAE 0W50"
"PETRONAS",NULL,"SAE 10W"
"PETRONAS",NULL,"SAE 10W30"
"PETRONAS",NULL,"SAE 10W40"
"PETRONAS",NULL,"SAE 140"
"PETRONAS",NULL,"SAE 140."
"PETRONAS",NULL,"SAE 15W30"
"PETRONAS",NULL,"SAE 15W40"
"PETRONAS",NULL,"SAE 15W50"
"PETRONAS",NULL,"SAE 20"
"PETRONAS",NULL,"SAE 20W30"
"PETRONAS",NULL,"SAE 20W40"
"PETRONAS",NULL,"SAE 20W50"
"PETRONAS",NULL,"SAE 30"
"PETRONAS",NULL,"SAE 30W"
"PETRONAS",NULL,"SAE 40"
"PETRONAS",NULL,"SAE 46"
"PETRONAS",NULL,"SAE 50"
"PETRONAS",NULL,"SAE 5W30"
"PETRONAS",NULL,"SAE 5W40"
"PETRONAS",NULL,"SAE 60"
"PETRONAS",NULL,"SAE 68"
"PETRONAS",NULL,"SAE 75W140"
"PETRONAS",NULL,"SAE 75W80"
"PETRONAS",NULL,"SAE 75W85"
"PETRONAS",NULL,"SAE 75W90"
"PETRONAS",NULL,"SAE 80"
"PETRONAS",NULL,"SAE 80W140"
"PETRONAS",NULL,"SAE 80W90"
"PETRONAS",NULL,"SAE 85W140"
"PETRONAS",NULL,"SAE 90"
"PETRONAS",NULL,"SHC 100"
"PETRONAS",NULL,"Summit Supra Coolant"
"PETRONAS",NULL,"TDH SPECIAL"
"PETRONAS",NULL,"TELLUS 46"
"PETRONAS",NULL,"TELLUS 68"
"PETRONAS",NULL,"TO-30"
"PETRONAS",NULL,"TRANSYND"
"PETRONAS",NULL,"UTTO FLUID"
"PETRONAS",NULL,"VG 100"
"PETRONAS",NULL,"XHP 462"
"PETRONAS",NULL,"ZH46"
"Petroplus",NULL,"-"
"Petroplus",NULL,"50/50"
"Petroplus",NULL,"COOL-GARD"
"Petroplus",NULL,"HYGARD"
"Petroplus",NULL,"ISO VG 68"
"Petroplus",NULL,"NÃO INFORMADO"
"Petroplus",NULL,"Plus 50"
"Petroplus",NULL,"SAE 10W30"
"Petroplus",NULL,"SAE 15W40"
"PRETON",NULL,"68"
"Prodynamic",NULL,"SAE 15W40"
"PUMANGOL",NULL,"-"
"PUMANGOL",NULL,"NÃO INFORMADO"
"PUMANGOL",NULL,"Policool 3100"
"PUMANGOL",NULL,"S10"
"PUMANGOL",NULL,"SAE 15W30"
"PUMANGOL",NULL,"SAE 15W40"
"PUMANGOL",NULL,"SAE 20W50"
"Q8",NULL,"SAE 15W40"
"QUAKER",NULL,"-"
"QUAKER",NULL,"20W"
"QUAKER",NULL,"220"
"QUAKER",NULL,"46"
"QUAKER",NULL,"636"
"QUAKER",NULL,"68"
"QUAKER",NULL,"Coolant"
"QUAKER",NULL,"ISO 100"
"QUAKER",NULL,"ISO 46"
"QUAKER",NULL,"ISO 460"
"QUAKER",NULL,"ISO 68"
"QUAKER",NULL,"ISO VG 100"
"QUAKER",NULL,"ISO VG 150"
"QUAKER",NULL,"ISO VG 220"
"QUAKER",NULL,"ISO VG 32"
"QUAKER",NULL,"ISO VG 320"
"QUAKER",NULL,"ISO VG 46"
"QUAKER",NULL,"ISO VG 460"
"QUAKER",NULL,"ISO VG 68"
"QUAKER",NULL,"N 32"
"QUAKER",NULL,"NÃO INFORMADO"
"QUAKER",NULL,"QUINTOLUBRIC"
"QUAKER",NULL,"SAE 46"
"QUAKER",NULL,"SAE 90"
"QUAKER",NULL,"SIDERLUBRIC 822-68"
"QUAKER HOUGHTON",NULL,"-"
"QUAKER HOUGHTON",NULL,"630"
"QUAKER HOUGHTON",NULL,"636"
"QUAKER HOUGHTON",NULL,"68"
"QUAKER HOUGHTON",NULL,"ISO VG 220"
"QUAKER HOUGHTON",NULL,"ISO VG 320"
"QUAKER HOUGHTON",NULL,"ISO VG 46"
"QUAKER HOUGHTON",NULL,"ISO VG 68"
"QUAKER HOUGHTON",NULL,"Torilis 6200"
"RADIEX","RDX 18063 azul octagel","-"
"RADIEX",NULL,"-"
"RADIEX",NULL,"17 RD 40"
"RADIEX",NULL,"41-141"
"RADIEX",NULL,"50/50"
"RADIEX",NULL,"Coolant"
"RADIEX",NULL,"COOL-GARD"
"RADIEX",NULL,"Fluid DOT4"
"RADIEX",NULL,"GRAU 180"
"RADIEX",NULL,"HO-56"
"RADIEX",NULL,"HY-TRAN"
"RADIEX",NULL,"mobil"
"RADIEX",NULL,"Mobilgrease Special"
"RADIEX",NULL,"MP"
"RADIEX",NULL,"NA"
"RADIEX",NULL,"NÃO INFORMADO"
"RADIEX",NULL,"Plus 85w140"
"RADIEX",NULL,"SAE 0W16"
"RADIEX",NULL,"SAE 0W50"
"RADIEX",NULL,"SAE 15W40"
"Renolin",NULL,"-"
"Renolin",NULL,"220"
"Renolin",NULL,"320"
"Renolin",NULL,"ISO 320"
"Renolin",NULL,"ISO 68"
"Renolin",NULL,"ISO VG 100"
"Renolin",NULL,"ISO VG 220"
"Renolin",NULL,"ISO VG 32"
"Renolin",NULL,"ISO VG 320"
"Renolin",NULL,"ISO VG 46"
"Renolin",NULL,"ISO VG 68"
"REPLUB",NULL,"HD 85W140"
"REPLUB",NULL,"ISO VG 68"
"REPLUB",NULL,"S10"
"REPLUB",NULL,"SAE 15W40"
"REPLUB",NULL,"SAE 85W140"
"REPSOL",NULL,"ISO 46"
"REPSOL",NULL,"ISO VG 68"
"REPSOL",NULL,"SAE 15W40"
"REPSOL",NULL,"SAE 75W90"
"ROCOL",NULL,"-"
"ROCOL",NULL,"17000"
"ROCOL",NULL,"220"
"ROCOL",NULL,"320"
"ROCOL",NULL,"68"
"ROCOL",NULL,"680"
"ROCOL",NULL,"ISO 68"
"ROCOL",NULL,"ISO VG 150"
"ROCOL",NULL,"ISO VG 220"
"ROCOL",NULL,"ISO VG 320"
"ROCOL",NULL,"ISO VG 46"
"ROCOL",NULL,"ISO VG 460"
"ROCOL",NULL,"SAE 85W140"
"ROTTNE",NULL,"ISO VG 46"
"ROYAL PURPLE",NULL,"320"
"ROYAL PURPLE",NULL,"68"
"ROYAL PURPLE",NULL,"ISO 46"
"SAB",NULL,"-"
"SABROE",NULL,"68"
"SABROE",NULL,"ISO 68"
"SABROE",NULL,"ISO VG 68"
"SABROE",NULL,"N 32"
"Sandvik",NULL,"-"
"Sandvik",NULL,"ISO VG 46"
"SANY",NULL,"-"
"SANY",NULL,"68"
"SANY",NULL,"80W90"
"SANY",NULL,"85W90"
"SANY",NULL,"Collant"
"SANY",NULL,"Coolant"
"SANY",NULL,"Fluide XLD FE"
"SANY",NULL,"Glicol"
"SANY",NULL,"HD 60"
"SANY",NULL,"HD 85W140"
"SANY",NULL,"HIDROBAK HV 68"
"SANY",NULL,"ISO VG 46"
"SANY",NULL,"ISO VG 68"
"SANY",NULL,"S10"
"SANY",NULL,"SAE 10W"
"SANY",NULL,"SAE 10W40"
"SANY",NULL,"SAE 15W40"
"SANY",NULL,"SAE 46"
"SANY",NULL,"SAE 50"
"SANY",NULL,"SAE 80"
"SANY",NULL,"SAE 85W140"
"SANY",NULL,"T 3500"
"SANY",NULL,"TRANSYND"
"Scania","STO 2:0G","SAE 75W90"
"Scania",NULL,"-"
"Scania",NULL,"50/50"
"Scania",NULL,"5W20"
"Scania",NULL,"68"
"Scania",NULL,"75w140"
"Scania",NULL,"75W80"
"Scania",NULL,"80w140"
"Scania",NULL,"80W90"
"Scania",NULL,"85W90"
"Scania",NULL,"Collant"
"Scania",NULL,"Coolant"
"Scania",NULL,"Glicol"
"Scania",NULL,"HD 80W90"
"Scania",NULL,"HD 85W140"
"Scania",NULL,"ISO VG 68"
"Scania",NULL,"SAE 10W40"
"Scania",NULL,"SAE 15W40"
"Scania",NULL,"SAE 5W30"
"Scania",NULL,"SAE 75W140"
"Scania",NULL,"SAE 75W80"
"Scania",NULL,"SAE 75W90"
"Scania",NULL,"SAE 80W140"
"Scania",NULL,"SAE 80W90"
"Scania",NULL,"SAE 85W140"
"Scania",NULL,"SAE 90"
"SCÂNIA",NULL,"-"
"SCÂNIA",NULL,"5W20"
"SCÂNIA",NULL,"75W80"
"SCÂNIA",NULL,"80W90"
"SCÂNIA",NULL,"85W90"
"SCÂNIA",NULL,"Collant"
"SCÂNIA",NULL,"Coolant"
"SCÂNIA",NULL,"Glicol"
"SCÂNIA",NULL,"NÃO INFORMADO"
"SCÂNIA",NULL,"SAE 10W40"
"SCÂNIA",NULL,"SAE 5W30"
"SCÂNIA",NULL,"SAE 75W140"
"SCÂNIA",NULL,"SAE 75W90"
"SCÂNIA",NULL,"SAE 85W140"
"SCÂNIA",NULL,"TELLUS 68"
"SCHULZ",NULL,"-"
"SCHULZ",NULL,"8000"
"SCHULZ",NULL,"ISO 100"
"SCHULZ",NULL,"ISO 46"
"SCHULZ",NULL,"ISO VG 100"
"SCHULZ",NULL,"ISO VG 1000"
"SCHULZ",NULL,"ISO VG 46"
"SCHULZ",NULL,"NÃO INFORMADO"
"SCHULZ",NULL,"SAE 30"
"SELENIA",NULL,"ATF"
"SELENIA",NULL,"SAE 10W40"
"SELENIA",NULL,"SAE 15W40"
"SELENIA",NULL,"SAE 5W30"
"SEW",NULL,"-"
"SEW",NULL,"220"
"SEW",NULL,"AW32"
"SEW",NULL,"ISO 220"
"SEW",NULL,"ISO 320"
"SEW",NULL,"ISO 460"
"SEW",NULL,"ISO VG 1000"
"SEW",NULL,"ISO VG 220"
"SEW",NULL,"ISO VG 320"
"SEW",NULL,"ISO VG 460"
"SEW",NULL,"ISO VG 680"
"SEW",NULL,"NÃO INFORMADO"
"SHELL","ADVANCE AX7","SAE 10W30"
"SHELL","ADVANCE ULTRA","SAE 15W50"
"SHELL","BMW GROUP LL01 FE","SAE 0W30"
"SHELL","Corena S2 P 150","ISO VG 150"
"SHELL","CORENA S4  R","SAE 46"
"SHELL","Corena S4 R 46","ISO VG 46"
"SHELL","Corena S4 R 68","ISO VG 68"
"SHELL","GADINIA S3 40","SAE 40"
"SHELL","Gadus S3 V220C","ISO 220"
"SHELL","HEAT TRANSFER OIL S2","S2"
"SHELL","HELIX HX5","SAE 15W40"
"SHELL","HELIX HX6 FLEX","SAE 15W40"
"SHELL","HELIX HX7","SAE 10W40"
"SHELL","HELIX HX7 SN","SAE 10W30"
"SHELL","HELIX HX8","SAE 5W30"
"SHELL","HELIX HX8 ECT","SAE 5W30"
"SHELL","HELIX ULTRA ECT","SAE 5W30"
"SHELL","Hydraulic S1 M","ISO VG 68"
"SHELL","ISO VG 68 SHELL HEAT TRANSFER OIL S2","ISO VG 68"
"SHELL","Morlina S2 B","ISO VG 150"
"SHELL","Mysella S3 S","SAE 40"
"SHELL","Mysella S5 N","SAE 40"
"SHELL","Mysella S5 S","SAE 40"
"SHELL","Omala S2 G","ISO 220"
"SHELL","Omala S2 G","ISO 320"
"SHELL","Omala S2 G","ISO 460"
"SHELL","Omala S2 G","ISO VG 100"
"SHELL","Omala S2 G","ISO VG 150"
"SHELL","Omala S2 G","ISO VG 320"
"SHELL","Omala S2 G","ISO VG 68"
"SHELL","Omala S2 G","ISO VG 680"
"SHELL","Omala S2 GXV","ISO 320"
"SHELL","Omala S2 GXV","ISO VG 150"
"SHELL","Omala S4 GX","ISO 220"
"SHELL","Omala S4 GX","ISO 460"
"SHELL","Omala S4 GX","ISO VG 150"
"SHELL","Omala S4 WE","ISO 220"
"SHELL","Omala S4 WE","ISO 320"
"SHELL","Omala S4 WE","ISO 460"
"SHELL","Omala S4 WE","ISO VG 150"
"SHELL","Rimula R2","SAE 40"
"SHELL","Rimula R2 Extra","SAE 15W40"
"SHELL","RIMULA R2 MULTI","SAE 10W30"
"SHELL","RIMULA R3 EXTRA","SAE 15W40"
"SHELL","RIMULA R3 MULTI","SAE 15W40"
"SHELL","Rimula R3 MV","SAE 15W40"
"SHELL","Rimula R3 Turbo","SAE 15W40"
"SHELL","Rimula R3 X","SAE 15W40"
"SHELL","RIMULA R4","SAE 15W40"
"SHELL","RIMULA R4 L","SAE 15W40"
"SHELL","RIMULA R4 X","SAE 15W40"
"SHELL","RIMULA R6 LM","SAE 10W40"
"SHELL","Rimula R6 LME Plus","SAE 5W30"
"SHELL","RIMULA R6 M","SAE 10W40"
"SHELL","RIMULA R6 ME","SAE 5W30"
"SHELL","RIMULA R6MS","SAE 10W40"
"SHELL","RIMULA RT4 L","SAE 15W40"
"SHELL","RIMULA RT4 X","SAE 15W40"
"SHELL","S4 CX","SAE 10W"
"SHELL","Spirax S2","SAE 85W140"
"SHELL","Spirax S2 A","80W90"
"SHELL","Spirax S2 G","80W90"
"SHELL","Spirax S2G","80W"
"SHELL","Spirax S2GA","SAE 85W140"
"SHELL","Spirax S2 GD","SAE 40"
"SHELL","Spirax S3 AD","80W90"
"SHELL","Spirax S3 AX","80W90"
"SHELL","Spirax S4 ATF D2","ATF"
"SHELL","Spirax S4 CX","SAE 30"
"SHELL","Spirax S4 CX","SAE 50"
"SHELL","SPIRAX S4 TXM","SAE 10W30"
"SHELL","Spirax S5 ATE","SAE 75W90"
"SHELL","Spirax S6 AXME","SAE 75W90"
"SHELL","Spirax S6 GXME","75W80"
"SHELL","Tellus S2 M","ISO VG 100"
"SHELL","Tellus S2 M","ISO VG 32"
"SHELL","Tellus S2 M","ISO VG 46"
"SHELL","Tellus S2 M","ISO VG 68"
"SHELL","Tellus S2 MX","ISO VG 46"
"SHELL","Tellus S2 V","ISO VG 100"
"SHELL","Tellus S2 V","ISO VG 32"
"SHELL","Tellus S2 V","ISO VG 46"
"SHELL","Tellus S2 V","ISO VG 68"
"SHELL","Tellus S3 M","ISO VG 46"
"SHELL","Tonna S2 M","ISO VG 68"
"SHELL","Tonna S3 M","ISO VG 68"
"SHELL","Turbi T","ISO VG 46"
"SHELL","Turbo T","ISO VG 32"
"SHELL","Turbo T","ISO VG 46"
"SHELL","Turbo T","ISO VG 68"
"SHELL",NULL,"-"
"SHELL",NULL,"0,5"
"SHELL",NULL,"100"
"SHELL",NULL,"1005"
"SHELL",NULL,"10w50"
"SHELL",NULL,"10W (inactive)"
"SHELL",NULL,"1340"
"SHELL",NULL,"1 ATF"
"SHELL",NULL,"220"
"SHELL",NULL,"220 EP"
"SHELL",NULL,"30W"
"SHELL",NULL,"32"
"SHELL",NULL,"320"
"SHELL",NULL,"4000"
"SHELL",NULL,"40 (INACTIVO)"
"SHELL",NULL,"40W"
"SHELL",NULL,"41-141"
"SHELL",NULL,"424"
"SHELL",NULL,"46"
"SHELL",NULL,"460"
"SHELL",NULL,"499 V2"
"SHELL",NULL,"500"
"SHELL",NULL,"50/50"
"SHELL",NULL,"50W"
"SHELL",NULL,"550"
"SHELL",NULL,"560"
"SHELL",NULL,"5W20"
"SHELL",NULL,"5W40"
"SHELL",NULL,"600 XP 100"
"SHELL",NULL,"600 XP 220"
"SHELL",NULL,"600 XP 320"
"SHELL",NULL,"600 XP 460"
"SHELL",NULL,"600 XP 68"
"SHELL",NULL,"600 XP 680"
"SHELL",NULL,"668"
"SHELL",NULL,"68"
"SHELL",NULL,"680"
"SHELL",NULL,"6800"
"SHELL",NULL,"70W90"
"SHELL",NULL,"75w140"
"SHELL",NULL,"75W80"
"SHELL",NULL,"768"
"SHELL",NULL,"8000"
"SHELL",NULL,"80W"
"SHELL",NULL,"80w140"
"SHELL",NULL,"80W90"
"SHELL",NULL,"80W95"
"SHELL",NULL,"85W40"
"SHELL",NULL,"85W90"
"SHELL",NULL,"90"
"SHELL",NULL,"9000"
"SHELL",NULL,"ACTIFULL OT"
"SHELL",NULL,"AF-NAC"
"SHELL",NULL,"AT102"
"SHELL",NULL,"ATF"
"SHELL",NULL,"ATF MD3"
"SHELL",NULL,"AW32"
"SHELL",NULL,"AW 68 HLP"
"SHELL",NULL,"Biodiesel B100"
"SHELL",NULL,"Biotrans FX"
"SHELL",NULL,"BP 46"
"SHELL",NULL,"Collant"
"SHELL",NULL,"Coolant"
"SHELL",NULL,"COOL-GARD"
"SHELL",NULL,"Dte light"
"SHELL",NULL,"EX 46"
"SHELL",NULL,"Glicol"
"SHELL",NULL,"GRAU 100"
"SHELL",NULL,"GRAU 29"
"SHELL",NULL,"Grease"
"SHELL",NULL,"GX 80W90"
"SHELL",NULL,"HD 10"
"SHELL",NULL,"HD 50"
"SHELL",NULL,"HD 80W90"
"SHELL",NULL,"HD 85W140"
"SHELL",NULL,"HD - A 80W90"
"SHELL",NULL,"HD - A 85W90"
"SHELL",NULL,"HIDROBAK HV 68"
"SHELL",NULL,"HM68"
"SHELL",NULL,"HO-46"
"SHELL",NULL,"Hx8"
"SHELL",NULL,"HYGARD"
"SHELL",NULL,"HY-TRAN"
"SHELL",NULL,"ISO 100"
"SHELL",NULL,"ISO 120"
"SHELL",NULL,"ISO 220"
"SHELL",NULL,"ISO 32"
"SHELL",NULL,"ISO 320"
"SHELL",NULL,"ISO 3200"
"SHELL",NULL,"ISO 46"
"SHELL",NULL,"ISO 460"
"SHELL",NULL,"ISO 68"
"SHELL",NULL,"ISO VG 100"
"SHELL",NULL,"ISO VG 1000"
"SHELL",NULL,"ISO VG 15"
"SHELL",NULL,"ISO VG 150"
"SHELL",NULL,"ISO VG 1500"
"SHELL",NULL,"ISO VG 22"
"SHELL",NULL,"ISO VG 220"
"SHELL",NULL,"ISO VG 25"
"SHELL",NULL,"ISO VG 32"
"SHELL",NULL,"ISO VG 320"
"SHELL",NULL,"ISO VG 46"
"SHELL",NULL,"ISO VG 460"
"SHELL",NULL,"ISO VG 68"
"SHELL",NULL,"ISO VG 680"
"SHELL",NULL,"IV - A PLUS"
"SHELL",NULL,"LG WM1"
"SHELL",NULL,"mobil"
"SHELL",NULL,"Mysella S5 N40"
"SHELL",NULL,"N 32"
"SHELL",NULL,"NA"
"SHELL",NULL,"NÃO INFORMADO"
"SHELL",NULL,"NLGI 0-00"
"SHELL",NULL,"NLGI 1-2"
"SHELL",NULL,"NLGI 2"
"SHELL",NULL,"Óleo Diesel"
"SHELL",NULL,"OMALA 150"
"SHELL",NULL,"OMALA 220"
"SHELL",NULL,"OMALA 320"
"SHELL",NULL,"Plus 50"
"SHELL",NULL,"PLUS 50 II"
"SHELL",NULL,"Plus 85w140"
"SHELL",NULL,"R6"
"SHELL",NULL,"S10"
"SHELL",NULL,"S2"
"SHELL",NULL,"S500"
"SHELL",NULL,"S5N"
"SHELL",NULL,"S 80W90"
"SHELL",NULL,"SAE 0W16"
"SHELL",NULL,"SAE 0W20"
"SHELL",NULL,"SAE 0W30"
"SHELL",NULL,"SAE 0W8"
"SHELL",NULL,"SAE 10W"
"SHELL",NULL,"SAE 10W30"
"SHELL",NULL,"SAE 10W40"
"SHELL",NULL,"SAE 140"
"SHELL",NULL,"SAE 140."
"SHELL",NULL,"SAE 15W30"
"SHELL",NULL,"SAE 15W40"
"SHELL",NULL,"SAE 15W50"
"SHELL",NULL,"SAE 20W30"
"SHELL",NULL,"SAE 20W50"
"SHELL",NULL,"SAE 30"
"SHELL",NULL,"SAE 30W"
"SHELL",NULL,"SAE 40"
"SHELL",NULL,"SAE 46"
"SHELL",NULL,"SAE 50"
"SHELL",NULL,"SAE 5W30"
"SHELL",NULL,"SAE 5W40"
"SHELL",NULL,"SAE 75W140"
"SHELL",NULL,"SAE 75W80"
"SHELL",NULL,"SAE 75W85"
"SHELL",NULL,"SAE 75W90"
"SHELL",NULL,"SAE 80"
"SHELL",NULL,"SAE 80W140"
"SHELL",NULL,"SAE 80W90"
"SHELL",NULL,"SAE 85W140"
"SHELL",NULL,"SAE 90"
"SHELL",NULL,"SHC 100"
"SHELL",NULL,"SHC 32"
"SHELL",NULL,"SIDERLUBRIC 822-68"
"SHELL",NULL,"TDH SPECIAL"
"SHELL",NULL,"TELLUS 46"
"SHELL",NULL,"TELLUS 68"
"SHELL",NULL,"THF GRANS"
"SHELL",NULL,"TO-10"
"SHELL",NULL,"TO-30"
"SHELL",NULL,"TORQ GARD"
"SHELL",NULL,"TRANSYND"
"SHELL",NULL,"WB101"
"SKF",NULL,"-"
"SKF",NULL,"200"
"SKF",NULL,"200D"
"SKF",NULL,"320"
"SKF",NULL,"41-141"
"SKF",NULL,"ISO 120"
"SKF",NULL,"LG WM1"
"SKF",NULL,"NÃO INFORMADO"
"SKF",NULL,"NLGI 2"
"STARA",NULL,"SAE 80W140"
"Sullair",NULL,"-"
"Sullair",NULL,"ISO 32"
"Sullair",NULL,"ISO VG 32"
"Sullair",NULL,"SAE 85W140"
"Sullub",NULL,"5W20"
"Sullub",NULL,"ISO VG 32"
"Sullub",NULL,"SAE 10W40"
"SULLUBE",NULL,"ISO VG 32"
"SYNECO",NULL,"-"
"SYNECO",NULL,"ISO 46"
"SYNECO",NULL,"ISO VG 46"
"TAURUS",NULL,"Óleo Diesel"
"TAURUS",NULL,"S10"
"TAURUS",NULL,"S500"
"TEAM ORION",NULL,"SAE 15W40"
"TEAM ORION",NULL,"SAE 90"
"TECHTROL",NULL,"-"
"TECHTROL",NULL,"ISO VG 22"
"TECHTROL",NULL,"ISO VG 32"
"TECHTROL",NULL,"Techtrol"
"TECNO",NULL,"ISO VG 100"
"TECNO",NULL,"ISO VG 46"
"TECTURBO",NULL,"SAE 15W40"
"TEXACO","DELO 1000 MARINE","SAE 40"
"TEXACO","Hando HD","ISO VG 46"
"TEXACO","HANDO HDZ","ISO VG 68"
"TEXACO","MEROPA","ISO VG 150"
"TEXACO","MEROPA","ISO VG 220"
"TEXACO","MEROPA","ISO VG 320"
"TEXACO","MEROPA","ISO VG 460"
"TEXACO","MEROPA","ISO VG 680"
"TEXACO","QUENCHTEX 5000","-"
"TEXACO","Rando HD","ISO VG 46"
"TEXACO","RANDO HD","ISO VG 100"
"TEXACO","RANDO HD","ISO VG 68"
"TEXACO","REGAL EP","ISO VG 32"
"TEXACO","REGAL EP","ISO VG 46"
"TEXACO","REGAL EP","ISO VG 68"
"TEXACO","REGAL R&O","ISO VG 150"
"TEXACO","REGAL R&O","ISO VG 32"
"TEXACO","REGAL R&O","ISO VG 46"
"TEXACO","REGAL R&O","ISO VG 68"
"TEXACO","TDH Oil","SAE 10W30"
"TEXACO",NULL,"-"
"TEXACO",NULL,"10w50"
"TEXACO",NULL,"10W (inactive)"
"TEXACO",NULL,"1340"
"TEXACO",NULL,"150"
"TEXACO",NULL,"220"
"TEXACO",NULL,"30W"
"TEXACO",NULL,"320"
"TEXACO",NULL,"40 (INACTIVO)"
"TEXACO",NULL,"424"
"TEXACO",NULL,"460 OH"
"TEXACO",NULL,"50"
"TEXACO",NULL,"500"
"TEXACO",NULL,"50/50"
"TEXACO",NULL,"50W"
"TEXACO",NULL,"5W40"
"TEXACO",NULL,"600 XP 150"
"TEXACO",NULL,"600 XP 68"
"TEXACO",NULL,"60/40"
"TEXACO",NULL,"68"
"TEXACO",NULL,"680"
"TEXACO",NULL,"70W90"
"TEXACO",NULL,"75w140"
"TEXACO",NULL,"75W80"
"TEXACO",NULL,"75W95"
"TEXACO",NULL,"80W"
"TEXACO",NULL,"80W75"
"TEXACO",NULL,"80W90"
"TEXACO",NULL,"85W40"
"TEXACO",NULL,"85W90"
"TEXACO",NULL,"90"
"TEXACO",NULL,"A295"
"TEXACO",NULL,"AT101"
"TEXACO",NULL,"AT102"
"TEXACO",NULL,"ATF"
"TEXACO",NULL,"AW 68 HLP"
"TEXACO",NULL,"Collant"
"TEXACO",NULL,"Coolant"
"TEXACO",NULL,"COOL-GARD"
"TEXACO",NULL,"DTE 26"
"TEXACO",NULL,"DTE 46"
"TEXACO",NULL,"EP 2"
"TEXACO",NULL,"EP-2"
"TEXACO",NULL,"Glicol"
"TEXACO",NULL,"GRAU 100"
"TEXACO",NULL,"HD 30"
"TEXACO",NULL,"HD 50"
"TEXACO",NULL,"HD 60"
"TEXACO",NULL,"HD 85W140"
"TEXACO",NULL,"HIDROBAK HV 68"
"TEXACO",NULL,"HYGARD"
"TEXACO",NULL,"ISO 100"
"TEXACO",NULL,"ISO 220"
"TEXACO",NULL,"ISO 32"
"TEXACO",NULL,"ISO 320"
"TEXACO",NULL,"ISO 46"
"TEXACO",NULL,"ISO 460"
"TEXACO",NULL,"ISO 68"
"TEXACO",NULL,"ISO VG 10"
"TEXACO",NULL,"ISO VG 100"
"TEXACO",NULL,"ISO VG 1000"
"TEXACO",NULL,"ISO VG 150"
"TEXACO",NULL,"ISO VG 220"
"TEXACO",NULL,"ISO VG 32"
"TEXACO",NULL,"ISO VG 320"
"TEXACO",NULL,"ISO VG 46"
"TEXACO",NULL,"ISO VG 460"
"TEXACO",NULL,"ISO VG 68"
"TEXACO",NULL,"ISO VG 680"
"TEXACO",NULL,"NÃO INFORMADO"
"TEXACO",NULL,"Óleo Diesel"
"TEXACO",NULL,"PM 220"
"TEXACO",NULL,"S10"
"TEXACO",NULL,"S500"
"TEXACO",NULL,"SAE 0W40"
"TEXACO",NULL,"SAE 0W50"
"TEXACO",NULL,"SAE 10W"
"TEXACO",NULL,"SAE 10W30"
"TEXACO",NULL,"SAE 10W40"
"TEXACO",NULL,"SAE 10W50"
"TEXACO",NULL,"SAE 140"
"TEXACO",NULL,"SAE 140."
"TEXACO",NULL,"SAE 15W30"
"TEXACO",NULL,"SAE 15W40"
"TEXACO",NULL,"SAE 15W50"
"TEXACO",NULL,"SAE 20W40"
"TEXACO",NULL,"SAE 20W50"
"TEXACO",NULL,"SAE 30"
"TEXACO",NULL,"SAE 30W"
"TEXACO",NULL,"SAE 40"
"TEXACO",NULL,"SAE 46"
"TEXACO",NULL,"SAE 50"
"TEXACO",NULL,"SAE 5W30"
"TEXACO",NULL,"SAE 5W40"
"TEXACO",NULL,"SAE 60"
"TEXACO",NULL,"SAE 75W140"
"TEXACO",NULL,"SAE 75W80"
"TEXACO",NULL,"SAE 75W85"
"TEXACO",NULL,"SAE 75W90"
"TEXACO",NULL,"SAE 80"
"TEXACO",NULL,"SAE 80W140"
"TEXACO",NULL,"SAE 80W90"
"TEXACO",NULL,"SAE 85W140"
"TEXACO",NULL,"SAE 90"
"TEXACO",NULL,"SIDERLUBRIC 822-68"
"TEXACO",NULL,"Special 2T"
"TEXACO",NULL,"TDH SPECIAL"
"TEXACO",NULL,"TELLUS 46"
"TEXACO",NULL,"TELLUS 68"
"TEXACO",NULL,"TEXAMATIC B"
"TEXACO",NULL,"TO-30"
"TEXACO",NULL,"TO-46"
"TEXACO",NULL,"TRANSYND"
"TEXACO",NULL,"WB101"
"TEXACO",NULL,"WB102"
"TIRRENO FLUID COOL G48 93M",NULL,"-"
"TIRRENO FLUID COOL G48 93M",NULL,"0,5"
"TIRRENO FLUID COOL G48 93M",NULL,"50/50"
"TIRRENO FLUID COOL G48 93M",NULL,"AW 68 HLP"
"TIRRENO FLUID COOL G48 93M",NULL,"COOL-GARD"
"TIRRENO FLUID COOL G48 93M",NULL,"ISO 100"
"TIRRENO FLUID COOL G48 93M",NULL,"ISO 68"
"TIRRENO FLUID COOL G48 93M",NULL,"ISO VG 68"
"TIRRENO FLUID COOL G48 93M",NULL,"NÃO INFORMADO"
"T-OIL",NULL,"ISO VG 68"
"T-OIL",NULL,"SAE 15W40"
"TOTAL","Azolla AF 68","ISO VG 68"
"TOTAL","Azolla ZS 32","ISO VG 32"
"TOTAL","Azolla ZS 46","ISO VG 46"
"TOTAL","Azolla ZS 68","ISO VG 68"
"TOTAL","Carter EP 150","ISO VG 150"
"TOTAL","Carter EP 220","ISO 220"
"TOTAL","Carter EP 320","ISO 320"
"TOTAL","Carter EP 460","ISO 460"
"TOTAL","Carter SH 220","ISO 220"
"TOTAL","Dacnis SH 46","ISO VG 46"
"TOTAL","Equivis XLT 15","ISO VG 15"
"TOTAL","Equivis ZS 15","ISO VG 15"
"TOTAL","Lunaria NH","ISO VG 68"
"TOTAL","Lunaria SH","ISO VG 68"
"TOTAL","Nevastane AW","ISO VG 68"
"TOTAL","Quartz 9000 Future FGC","SAE 0W20"
"TOTAL","Rubia TIR 7400","SAE 15W40"
"TOTAL",NULL,"-"
"TOTAL",NULL,"150"
"TOTAL",NULL,"220"
"TOTAL",NULL,"25W60"
"TOTAL",NULL,"30W"
"TOTAL",NULL,"320"
"TOTAL",NULL,"46"
"TOTAL",NULL,"460"
"TOTAL",NULL,"68"
"TOTAL",NULL,"680"
"TOTAL",NULL,"75W80"
"TOTAL",NULL,"80W"
"TOTAL",NULL,"80W90"
"TOTAL",NULL,"85W90"
"TOTAL",NULL,"ATF"
"TOTAL",NULL,"ATF MD3"
"TOTAL",NULL,"AW 68 HLP"
"TOTAL",NULL,"HV46"
"TOTAL",NULL,"ISO 220"
"TOTAL",NULL,"ISO 32"
"TOTAL",NULL,"ISO 320"
"TOTAL",NULL,"ISO 46"
"TOTAL",NULL,"ISO 460"
"TOTAL",NULL,"ISO 68"
"TOTAL",NULL,"ISO VG 100"
"TOTAL",NULL,"ISO VG 15"
"TOTAL",NULL,"ISO VG 150"
"TOTAL",NULL,"ISO VG 220"
"TOTAL",NULL,"ISO VG 32"
"TOTAL",NULL,"ISO VG 320"
"TOTAL",NULL,"ISO VG 45"
"TOTAL",NULL,"ISO VG 46"
"TOTAL",NULL,"ISO VG 460"
"TOTAL",NULL,"ISO VG 68"
"TOTAL",NULL,"NÃO INFORMADO"
"TOTAL",NULL,"Óleo Diesel"
"TOTAL",NULL,"PEROIL"
"TOTAL",NULL,"PM 460"
"TOTAL",NULL,"S10"
"TOTAL",NULL,"S500"
"TOTAL",NULL,"SAE 10W30"
"TOTAL",NULL,"SAE 10W40"
"TOTAL",NULL,"SAE 15W30"
"TOTAL",NULL,"SAE 15W40"
"TOTAL",NULL,"SAE 46"
"TOTAL",NULL,"SAE 50"
"TOTAL",NULL,"SAE 75W90"
"TOTAL",NULL,"SAE 85W140"
"TOTAL",NULL,"SAE 90"
"TOTALENERGIES",NULL,"-"
"TOTALENERGIES",NULL,"220"
"TOTALENERGIES",NULL,"220 EP"
"TOTALENERGIES",NULL,"320"
"TOTALENERGIES",NULL,"68"
"TOTALENERGIES",NULL,"AW 68 HLP"
"TOTALENERGIES",NULL,"ISO 220"
"TOTALENERGIES",NULL,"ISO 320"
"TOTALENERGIES",NULL,"ISO 460"
"TOTALENERGIES",NULL,"ISO 68"
"TOTALENERGIES",NULL,"ISO VG 100"
"TOTALENERGIES",NULL,"ISO VG 150"
"TOTALENERGIES",NULL,"ISO VG 220"
"TOTALENERGIES",NULL,"ISO VG 320"
"TOTALENERGIES",NULL,"ISO VG 46"
"TOTALENERGIES",NULL,"ISO VG 460"
"TOTALENERGIES",NULL,"ISO VG 68"
"TOTALENERGIES",NULL,"SAE 0W20"
"TOTALENERGIES",NULL,"SAE 15W40"
"TOTALENERGIES",NULL,"SAE 5W30"
"TOTALENERGIES",NULL,"TO-46"
"TOYOTA",NULL,"-"
"TOYOTA",NULL,"SAE 10W30"
"TOYOTA",NULL,"SAE 15W40"
"TOYOTA",NULL,"SAE 5W30"
"TRANE",NULL,"-"
"TRANE",NULL,"300 C"
"TRANE",NULL,"68"
"TRANE",NULL,"80W"
"TRANE",NULL,"ISO 120"
"TRANE",NULL,"ISO 68"
"TRANE",NULL,"ISO VG 100"
"TRANE",NULL,"ISO VG 22"
"TRANE",NULL,"ISO VG 68"
"TRANE",NULL,"SAE 20W40"
"Ultrax",NULL,"AW 68 HLP"
"Ultrax",NULL,"Coolant"
"Ultrax",NULL,"SAE 10W30"
"Ultrax",NULL,"SAE 15W40"
"Ultrax",NULL,"SAE 50"
"UNIL",NULL,"ISO VG 320"
"UNIPETRO",NULL,"-"
"UNIPETRO",NULL,"80W"
"UNIPETRO",NULL,"NA"
"UNIPETRO",NULL,"NÃO INFORMADO"
"UNIPETRO",NULL,"Óleo Diesel"
"UNIPETRO",NULL,"S10"
"UNIPETRO",NULL,"S500"
"UNIPETRO",NULL,"SAE 10W30"
"UNIPETRO",NULL,"SAE 80W90"
"UNIPETRO",NULL,"TELLUS 68"
"URANIA",NULL,"SAE 10W30"
"URANIA",NULL,"SAE 10W40"
"URANIA",NULL,"SAE 15W40"
"URANIA",NULL,"SAE 5W30"
"VALVOLINE","Premium Blue 7800 Plus","SAE 15W40"
"VALVOLINE","TURBO DIESEL E700","SAE 15W40"
"VALVOLINE",NULL,"-"
"VALVOLINE",NULL,"40 (INACTIVO)"
"VALVOLINE",NULL,"50/50"
"VALVOLINE",NULL,"668"
"VALVOLINE",NULL,"68"
"VALVOLINE",NULL,"70W80"
"VALVOLINE",NULL,"75W80"
"VALVOLINE",NULL,"80W"
"VALVOLINE",NULL,"80W90"
"VALVOLINE",NULL,"AT102"
"VALVOLINE",NULL,"ATF"
"VALVOLINE",NULL,"Collant"
"VALVOLINE",NULL,"HD 85W140"
"VALVOLINE",NULL,"ISO 68"
"VALVOLINE",NULL,"ISO VG 46"
"VALVOLINE",NULL,"ISO VG 68"
"VALVOLINE",NULL,"NÃO INFORMADO"
"VALVOLINE",NULL,"S10"
"VALVOLINE",NULL,"SAE 10W"
"VALVOLINE",NULL,"SAE 10W30"
"VALVOLINE",NULL,"SAE 10W40"
"VALVOLINE",NULL,"SAE 15W30"
"VALVOLINE",NULL,"SAE 15W40"
"VALVOLINE",NULL,"SAE 20W50"
"VALVOLINE",NULL,"SAE 30"
"VALVOLINE",NULL,"SAE 40"
"VALVOLINE",NULL,"SAE 46"
"VALVOLINE",NULL,"SAE 50"
"VALVOLINE",NULL,"SAE 5W30"
"VALVOLINE",NULL,"SAE 60"
"VALVOLINE",NULL,"SAE 75W140"
"VALVOLINE",NULL,"SAE 75W90"
"VALVOLINE",NULL,"SAE 80W90"
"VALVOLINE",NULL,"SAE 85W140"
"VALVOLINE",NULL,"SAE 90"
"Vibra","B S10","Óleo Diesel"
"Vibra",NULL,"-"
"Vibra",NULL,"DTO4"
"Vibra",NULL,"GRAU 180"
"Vibra",NULL,"ISO 2"
"Vibra",NULL,"ISO 46"
"Vibra",NULL,"ISO 68"
"Vibra",NULL,"ISO VG 100"
"Vibra",NULL,"ISO VG 150"
"Vibra",NULL,"ISO VG 220"
"Vibra",NULL,"ISO VG 25"
"Vibra",NULL,"ISO VG 32"
"Vibra",NULL,"ISO VG 320"
"Vibra",NULL,"ISO VG 46"
"Vibra",NULL,"ISO VG 68"
"Vibra",NULL,"ISO VG 68 (duplicado)"
"Vibra",NULL,"NÃO INFORMADO"
"Vibra",NULL,"Óleo Diesel"
"Vibra",NULL,"S10"
"Vibra",NULL,"S500"
"Vibra",NULL,"SAE 15W40"
"Vibra",NULL,"SAE 40"
"Volkswagem do Brasil",NULL,"-"
"Volkswagem do Brasil",NULL,"80W90"
"Volkswagem do Brasil",NULL,"ATF"
"Volkswagem do Brasil",NULL,"Coolant"
"Volkswagem do Brasil",NULL,"NÃO INFORMADO"
"Volkswagem do Brasil",NULL,"SAE 10W40"
"Volkswagem do Brasil",NULL,"SAE 15W40"
"Volkswagem do Brasil",NULL,"SAE 50"
"Volkswagem do Brasil",NULL,"SAE 5W30"
"Volkswagem do Brasil",NULL,"SAE 80"
"Volkswagem do Brasil",NULL,"SAE 85W140"
"Volkswagem do Brasil",NULL,"SAE 90"
"VOLKSWAGEN","ALMAX EVO 6","SAE 5W30"
"VOLKSWAGEN","ALMAX PLUS","SAE 15W40"
"VOLKSWAGEN",NULL,"75W80"
"VOLKSWAGEN",NULL,"80W90"
"VOLKSWAGEN",NULL,"HD 85W140"
"VOLKSWAGEN",NULL,"HIDROBAK HV 68"
"VOLKSWAGEN",NULL,"SAE 10W40"
"VOLKSWAGEN",NULL,"SAE 15W40"
"VOLKSWAGEN",NULL,"SAE 5W30"
"VOLKSWAGEN",NULL,"SAE 5W40"
"VOLKSWAGEN",NULL,"SAE 75W90"
"VOLKSWAGEN",NULL,"SAE 80W90"
"VOLKSWAGEN",NULL,"SAE 85W140"
"VOLKSWAGEN",NULL,"SAE 90"
"VOLVO","Axle Oil 97321 SAE 85W-140","SAE 85W140"
"VOLVO","BT - Volvo Engine Oil R VDS-3 15W-40 (310466)","SAE 15W40"
"VOLVO","VDS-3","SAE 15W40"
"VOLVO","VDS 4.5","SAE 15W40"
"VOLVO","VOLVO ENGINE OIL VDS 3 SAE 15W-40 (310457)","SAE 15W40"
"VOLVO","VOLVO ENGINE OIL VDS 4.5 10W-30","SAE 10W30"
"VOLVO","VOLVO HYDRAULIC OIL 98611 HO 103","ISO VG 68"
"VOLVO","VOLVO WET BRAKE OIL 97303 WB101","WB101"
"VOLVO","Volvo Wet Brake Oil 97304 WB102","WB102"
"VOLVO",NULL,"-"
"VOLVO",NULL,"101"
"VOLVO",NULL,"220"
"VOLVO",NULL,"50/50"
"VOLVO",NULL,"5W40"
"VOLVO",NULL,"60/40"
"VOLVO",NULL,"68"
"VOLVO",NULL,"70W"
"VOLVO",NULL,"75W80"
"VOLVO",NULL,"80w140"
"VOLVO",NULL,"80W90"
"VOLVO",NULL,"85W40"
"VOLVO",NULL,"85W90"
"VOLVO",NULL,"AT101"
"VOLVO",NULL,"AT102"
"VOLVO",NULL,"ATF"
"VOLVO",NULL,"ATF 102"
"VOLVO",NULL,"ATF MD3"
"VOLVO",NULL,"AW 68 HLP"
"VOLVO",NULL,"Collant"
"VOLVO",NULL,"Coolant"
"VOLVO",NULL,"Fluid DOT4"
"VOLVO",NULL,"Glicol"
"VOLVO",NULL,"HD 85W140"
"VOLVO",NULL,"HIDROBAK HV 68"
"VOLVO",NULL,"HM68"
"VOLVO",NULL,"HYGARD"
"VOLVO",NULL,"ISO 68"
"VOLVO",NULL,"ISO VG 68"
"VOLVO",NULL,"ISO VG 68 (duplicado)"
"VOLVO",NULL,"NA"
"VOLVO",NULL,"NÃO INFORMADO"
"VOLVO",NULL,"Óleo Diesel"
"VOLVO",NULL,"Plus 85w140"
"VOLVO",NULL,"S10"
"VOLVO",NULL,"S3 T"
"VOLVO",NULL,"S500"
"VOLVO",NULL,"SAE 0W30"
"VOLVO",NULL,"SAE 10W"
"VOLVO",NULL,"SAE 10W30"
"VOLVO",NULL,"SAE 10W40"
"VOLVO",NULL,"SAE 140"
"VOLVO",NULL,"SAE 15W30"
"VOLVO",NULL,"SAE 15W40"
"VOLVO",NULL,"SAE 30"
"VOLVO",NULL,"SAE 40"
"VOLVO",NULL,"SAE 46"
"VOLVO",NULL,"SAE 50"
"VOLVO",NULL,"SAE 5W30"
"VOLVO",NULL,"SAE 60"
"VOLVO",NULL,"SAE 75W140"
"VOLVO",NULL,"SAE 75W80"
"VOLVO",NULL,"SAE 75W90"
"VOLVO",NULL,"SAE 80W140"
"VOLVO",NULL,"SAE 80W90"
"VOLVO",NULL,"SAE 85W140"
"VOLVO",NULL,"SAE 90"
"VOLVO",NULL,"TELLUS 68"
"VOLVO",NULL,"ULTRA FG 68"
"VOLVO",NULL,"VCS 2 NARANJA"
"VOLVO",NULL,"VCS AMARILLO"
"VOLVO",NULL,"WB101"
"VOLVO",NULL,"WB102"
"VOLVO",NULL,"XTC"
"VR-GRENA",NULL,"SAE 85W140"
"WEG",NULL,"-"
"WEG",NULL,"Coolant"
"WEG",NULL,"ISO VG 220"
"WEG",NULL,"ISO VG 320"
"WEG",NULL,"ISO VG 460"
"WEG",NULL,"NÃO INFORMADO"
"WEST CHEMICAL ",NULL,"-"
"WEST CHEMICAL ",NULL,"3100"
"WEST CHEMICAL ",NULL,"50/50"
"WEST CHEMICAL ",NULL,"600 XP 100"
"WEST CHEMICAL ",NULL,"ISO 460"
"WEST CHEMICAL ",NULL,"NA"
"WEST CHEMICAL ",NULL,"Policool 3100"
"WIRTGEN",NULL,"-"
"WIRTGEN",NULL,"220"
"WIRTGEN",NULL,"320"
"WIRTGEN",NULL,"68"
"WIRTGEN",NULL,"75w140"
"WIRTGEN",NULL,"80W90"
"WIRTGEN",NULL,"85W90"
"WIRTGEN",NULL,"COOL-GARD"
"WIRTGEN",NULL,"Fluide XLD FE"
"WIRTGEN",NULL,"Hydrau"
"WIRTGEN",NULL,"ISO 220"
"WIRTGEN",NULL,"ISO 46"
"WIRTGEN",NULL,"ISO 68"
"WIRTGEN",NULL,"ISO VG 150"
"WIRTGEN",NULL,"ISO VG 220"
"WIRTGEN",NULL,"ISO VG 68"
"WIRTGEN",NULL,"NÃO INFORMADO"
"WIRTGEN",NULL,"S10"
"WIRTGEN",NULL,"SAE 10W30"
"WIRTGEN",NULL,"SAE 10W40"
"WIRTGEN",NULL,"SAE 15W40"
"WIRTGEN",NULL,"SAE 75W90"
"WIRTGEN",NULL,"Syntheticn 75W90"
"WÜRTH",NULL,"-"
"WYNNS",NULL,"-"
"Yamaha",NULL,"SAE 10W40"
"Yamaha",NULL,"SAE 20W50"
"YORK",NULL,"-"
"YORK",NULL,"68"
"YORK",NULL,"ISO 100"
"YORK",NULL,"ISO 68"
"YORK",NULL,"ISO VG 100"
"YORK",NULL,"ISO VG 32"
"YPF",NULL,"-"
"YPF",NULL,"68"
"YPF",NULL,"80W90"
"YPF",NULL,"ATF"
"YPF",NULL,"BP 46"
"YPF",NULL,"Coolant"
"YPF",NULL,"ISO 68"
"YPF",NULL,"ISO VG 100"
"YPF",NULL,"ISO VG 220"
"YPF",NULL,"ISO VG 320"
"YPF",NULL,"ISO VG 46"
"YPF",NULL,"ISO VG 460"
"YPF",NULL,"ISO VG 68"
"YPF",NULL,"SAE 10W"
"YPF",NULL,"SAE 10W30"
"YPF",NULL,"SAE 10W40"
"YPF",NULL,"SAE 15W40"
"YPF",NULL,"SAE 30"
"YPF",NULL,"SAE 50"
"YPF",NULL,"SAE 5W30"
"YPF",NULL,"SAE 80W90"
"YPF",NULL,"SAE 85W140"
"YPF",NULL,"SAE 90"
"ZF",NULL,"-"
"ZF",NULL,"75W80"
"ZF",NULL,"85W90"
"ZF",NULL,"ISO 5"
"ZF",NULL,"SAE 15W40"
"ZF",NULL,"SAE 50"
"ZF",NULL,"SAE 90"
NULL,NULL,"-"
NULL,NULL,"220"
NULL,NULL,"25000"
NULL,NULL,"32"
NULL,NULL,"320"
NULL,NULL,"424"
NULL,NULL,"46"
NULL,NULL,"460"
NULL,NULL,"500"
NULL,NULL,"50/50"
NULL,NULL,"50W"
NULL,NULL,"5W40"
NULL,NULL,"600 XP 100"
NULL,NULL,"600 XP 680"
NULL,NULL,"68"
NULL,NULL,"80W"
NULL,NULL,"80W90"
NULL,NULL,"85W40"
NULL,NULL,"85W90"
NULL,NULL,"90"
NULL,NULL,"ATF"
NULL,NULL,"ATF 200"
NULL,NULL,"Biodiesel B100"
NULL,NULL,"Collant"
NULL,NULL,"Coolant"
NULL,NULL,"COOL-GARD"
NULL,NULL,"EX 46"
NULL,NULL,"GRAU 400"
NULL,NULL,"HD 85W140"
NULL,NULL,"HYGARD"
NULL,NULL,"HY-TRAN"
NULL,NULL,"ISO 46"
NULL,NULL,"ISO 68"
NULL,NULL,"ISO VG 100"
NULL,NULL,"ISO VG 1500"
NULL,NULL,"ISO VG 220"
NULL,NULL,"ISO VG 32"
NULL,NULL,"ISO VG 320"
NULL,NULL,"ISO VG 46"
NULL,NULL,"ISO VG 460"
NULL,NULL,"ISO VG 68"
NULL,NULL,"ISO VG 680"
NULL,NULL,"MINERAL"
NULL,NULL,"NÃO INFORMADO"
NULL,NULL,"OMALA 320"
NULL,NULL,"Plus 50"
NULL,NULL,"PLUS 50 II"
NULL,NULL,"Plus 85w140"
NULL,NULL,"ROTO Z"
NULL,NULL,"S10"
NULL,NULL,"S500"
NULL,NULL,"SAE 0W40"
NULL,NULL,"SAE 10W30"
NULL,NULL,"SAE 10W40"
NULL,NULL,"SAE 140."
NULL,NULL,"SAE 15W30"
NULL,NULL,"SAE 15W40"
NULL,NULL,"SAE 20W30"
NULL,NULL,"SAE 30"
NULL,NULL,"SAE 40"
NULL,NULL,"SAE 46"
NULL,NULL,"SAE 50"
NULL,NULL,"SAE 5W30"
NULL,NULL,"SAE 80W90"
NULL,NULL,"SAE 85W140"
NULL,NULL,"SAE 90"
NULL,NULL,"TDH SPECIAL"
NULL,NULL,"TEXAMATIC B"
NULL,NULL,"TORQ GARD"
NULL,NULL,NULL
